ISO-10303-21;
HEADER;
FILE_DESCRIPTION (( 'STEP AP203' ),
    '1' );
FILE_NAME ('±³°å·´¹¤.STEP',
    '2024-10-08T10:09:46',
    ( '' ),
    ( '' ),
    'SwSTEP 2.0',
    'SolidWorks 2024',
    '' );
FILE_SCHEMA (( 'CONFIG_CONTROL_DESIGN' ));
ENDSEC;

DATA;
#1 = DIRECTION ( 'NONE',  ( 0.000000000000000000, 1.000000000000000000, -0.000000000000000000 ) ) ;
#2 = PERSON ( 'æœª', 'æœª', 'æœª', ('æœª'), ('æœª'), ('æœª') ) ;
#3 = APPROVAL_DATE_TIME ( #1605, #352 ) ;
#4 = ORIENTED_EDGE ( 'NONE', *, *, #1542, .F. ) ;
#5 = EDGE_CURVE ( 'NONE', #451, #2284, #827, .T. ) ;
#6 = EDGE_LOOP ( 'NONE', ( #2224, #499 ) ) ;
#7 = CARTESIAN_POINT ( 'NONE',  ( 237.0000000000000000, 12.50000000000000000, 25.00000000000000000 ) ) ;
#8 = EDGE_LOOP ( 'NONE', ( #298, #2255, #2986, #194 ) ) ;
#9 = ORIENTED_EDGE ( 'NONE', *, *, #51, .T. ) ;
#10 = DIRECTION ( 'NONE',  ( 1.000000000000000000, 0.000000000000000000, 0.000000000000000000 ) ) ;
#11 = LINE ( 'NONE', #1409, #257 ) ;
#12 = CARTESIAN_POINT ( 'NONE',  ( 195.0000000000000000, -35.92370087301227954, 9.000000000000000000 ) ) ;
#13 = DIRECTION ( 'NONE',  ( 0.000000000000000000, 0.000000000000000000, 1.000000000000000000 ) ) ;
#14 = EDGE_CURVE ( 'NONE', #3029, #21, #34, .T. ) ;
#15 = VECTOR ( 'NONE', #26, 1000.000000000000000 ) ;
#16 = ORIENTED_EDGE ( 'NONE', *, *, #1195, .T. ) ;
#17 = CARTESIAN_POINT ( 'NONE',  ( 47.99999999999998579, 110.0000000000000142, 25.00000000000000000 ) ) ;
#18 = CIRCLE ( 'NONE', #900, 3.000000000000002665 ) ;
#19 = CIRCLE ( 'NONE', #1595, 1.500000000000001332 ) ;
#20 = PLANE ( 'NONE',  #2669 ) ;
#21 = VERTEX_POINT ( 'NONE', #2180 ) ;
#22 = CARTESIAN_POINT ( 'NONE',  ( 10.34096349156477856, 3.884540034704500044, 25.00000000000000000 ) ) ;
#23 = ORIENTED_EDGE ( 'NONE', *, *, #481, .T. ) ;
#24 = ORIENTED_EDGE ( 'NONE', *, *, #2920, .F. ) ;
#25 = CARTESIAN_POINT ( 'NONE',  ( 204.9999999999999716, 170.0000000000000000, 5.000000000000000888 ) ) ;
#26 = DIRECTION ( 'NONE',  ( 0.000000000000000000, -1.000000000000000000, 0.000000000000000000 ) ) ;
#27 = DIRECTION ( 'NONE',  ( 0.000000000000000000, -1.000000000000000000, 0.000000000000000000 ) ) ;
#28 = CARTESIAN_POINT ( 'NONE',  ( 151.3638420405932266, 160.0762991269880047, 25.00000000000000000 ) ) ;
#29 = ORIENTED_EDGE ( 'NONE', *, *, #159, .F. ) ;
#30 = FACE_OUTER_BOUND ( 'NONE', #926, .T. ) ;
#31 = CIRCLE ( 'NONE', #1158, 2.000000000000000888 ) ;
#32 = AXIS2_PLACEMENT_3D ( 'NONE', #109, #2654, #1033 ) ;
#33 = EDGE_CURVE ( 'NONE', #627, #2554, #2932, .T. ) ;
#34 = CIRCLE ( 'NONE', #2003, 3.999999999999993339 ) ;
#35 = CARTESIAN_POINT ( 'NONE',  ( 151.3638420405932266, 160.0762991269880047, 12.00000000000000178 ) ) ;
#36 = EDGE_LOOP ( 'NONE', ( #116, #901, #2267, #1533 ) ) ;
#37 = CARTESIAN_POINT ( 'NONE',  ( 245.0000000000000000, 225.0000000000000000, 25.00000000000000000 ) ) ;
#38 = EDGE_LOOP ( 'NONE', ( #437, #226 ) ) ;
#39 = VERTEX_POINT ( 'NONE', #2423 ) ;
#40 = CARTESIAN_POINT ( 'NONE',  ( 5.000000000000004441, 260.0000000000000000, 25.00000000000000000 ) ) ;
#41 = DIRECTION ( 'NONE',  ( 0.000000000000000000, 0.000000000000000000, 1.000000000000000000 ) ) ;
#42 = VECTOR ( 'NONE', #1938, 1000.000000000000000 ) ;
#43 = FACE_BOUND ( 'NONE', #1941, .T. ) ;
#44 = CARTESIAN_POINT ( 'NONE',  ( 114.4999999999999858, 280.0000000000000000, 25.00000000000000000 ) ) ;
#45 = EDGE_CURVE ( 'NONE', #2189, #1624, #139, .T. ) ;
#46 = ORIENTED_EDGE ( 'NONE', *, *, #149, .T. ) ;
#47 = AXIS2_PLACEMENT_3D ( 'NONE', #1063, #403, #173 ) ;
#48 = CARTESIAN_POINT ( 'NONE',  ( 246.0000000000000000, 12.50000000000000178, 11.00000000000000000 ) ) ;
#49 = CARTESIAN_POINT ( 'NONE',  ( 250.6138420405932266, 4.076299126988033095, 25.00000000000000000 ) ) ;
#50 = CARTESIAN_POINT ( 'NONE',  ( 75.00000000000000000, 380.0762991269879194, 18.00000000000000000 ) ) ;
#51 = EDGE_CURVE ( 'NONE', #466, #2999, #530, .T. ) ;
#52 = VERTEX_POINT ( 'NONE', #1994 ) ;
#53 = DIRECTION ( 'NONE',  ( -1.000000000000000000, 0.000000000000000000, 0.000000000000000000 ) ) ;
#54 = EDGE_LOOP ( 'NONE', ( #2352, #757, #2854, #453 ) ) ;
#55 = EDGE_LOOP ( 'NONE', ( #150, #2298, #2954, #267 ) ) ;
#56 = DIRECTION ( 'NONE',  ( -0.000000000000000000, -0.000000000000000000, -1.000000000000000000 ) ) ;
#57 = CARTESIAN_POINT ( 'NONE',  ( 41.99999999999997868, 110.0000000000000142, 5.000000000000000888 ) ) ;
#58 = CARTESIAN_POINT ( 'NONE',  ( 245.0000000000000000, 285.0000000000000000, 12.00000000000000000 ) ) ;
#59 = DIRECTION ( 'NONE',  ( -0.000000000000000000, -0.000000000000000000, -1.000000000000000000 ) ) ;
#60 = ORIENTED_EDGE ( 'NONE', *, *, #177, .F. ) ;
#61 = EDGE_CURVE ( 'NONE', #288, #362, #2389, .T. ) ;
#62 = LINE ( 'NONE', #2410, #3020 ) ;
#63 = CARTESIAN_POINT ( 'NONE',  ( 250.6138420405932266, 0.07629912698803309468, 21.00000000000000000 ) ) ;
#64 = VECTOR ( 'NONE', #498, 1000.000000000000000 ) ;
#65 = DIRECTION ( 'NONE',  ( -0.000000000000000000, 0.000000000000000000, 1.000000000000000000 ) ) ;
#66 = ORIENTED_EDGE ( 'NONE', *, *, #1820, .T. ) ;
#67 = CARTESIAN_POINT ( 'NONE',  ( 0.000000000000000000, 0.000000000000000000, 12.00000000000000000 ) ) ;
#68 = CIRCLE ( 'NONE', #709, 4.000000000000000000 ) ;
#69 = VECTOR ( 'NONE', #1227, 1000.000000000000000 ) ;
#70 = ORIENTED_EDGE ( 'NONE', *, *, #1180, .T. ) ;
#71 = ORIENTED_EDGE ( 'NONE', *, *, #1435, .T. ) ;
#72 = ADVANCED_FACE ( 'NONE', ( #350 ), #1951, .F. ) ;
#73 = DIRECTION ( 'NONE',  ( -0.000000000000000000, -0.000000000000000000, -1.000000000000000000 ) ) ;
#74 = DIRECTION ( 'NONE',  ( -0.000000000000000000, -0.000000000000000000, -1.000000000000000000 ) ) ;
#75 = DIRECTION ( 'NONE',  ( -0.000000000000000000, 0.000000000000000000, 1.000000000000000000 ) ) ;
#76 = EDGE_CURVE ( 'NONE', #2925, #971, #1058, .T. ) ;
#77 = DIRECTION ( 'NONE',  ( -0.000000000000000000, 1.000000000000000000, -0.000000000000000000 ) ) ;
#78 = DIRECTION ( 'NONE',  ( -1.000000000000000000, 0.000000000000000000, 0.000000000000000000 ) ) ;
#79 = CARTESIAN_POINT ( 'NONE',  ( 250.6138420405932266, 4.076299126988033095, 25.00000000000000000 ) ) ;
#80 = CARTESIAN_POINT ( 'NONE',  ( 75.00000000000000000, 0.07629912698803309468, 9.000000000000000000 ) ) ;
#81 = AXIS2_PLACEMENT_3D ( 'NONE', #112, #1048, #2705 ) ;
#82 = VECTOR ( 'NONE', #1814, 1000.000000000000000 ) ;
#83 = FACE_OUTER_BOUND ( 'NONE', #2172, .T. ) ;
#84 = ADVANCED_FACE ( 'NONE', ( #2930 ), #2699, .F. ) ;
#85 = LINE ( 'NONE', #1268, #1784 ) ;
#86 = AXIS2_PLACEMENT_3D ( 'NONE', #1178, #2115, #10 ) ;
#87 = ORIENTED_EDGE ( 'NONE', *, *, #1984, .T. ) ;
#88 = ORIENTED_EDGE ( 'NONE', *, *, #1817, .F. ) ;
#89 = DIRECTION ( 'NONE',  ( -1.000000000000000000, 0.000000000000000000, 0.000000000000000000 ) ) ;
#90 = CIRCLE ( 'NONE', #2095, 4.000000000000000000 ) ;
#91 = ADVANCED_FACE ( 'NONE', ( #2441 ), #335, .F. ) ;
#92 = EDGE_LOOP ( 'NONE', ( #264, #1792, #514, #1960 ) ) ;
#93 = CARTESIAN_POINT ( 'NONE',  ( 0.000000000000000000, 0.000000000000000000, 12.00000000000000000 ) ) ;
#94 = CARTESIAN_POINT ( 'NONE',  ( 5.000000000000004441, 260.0000000000000000, 25.00000000000000000 ) ) ;
#95 = FACE_BOUND ( 'NONE', #153, .T. ) ;
#96 = DIRECTION ( 'NONE',  ( -0.000000000000000000, -0.000000000000000000, -1.000000000000000000 ) ) ;
#97 = ADVANCED_FACE ( 'NONE', ( #1257 ), #788, .T. ) ;
#98 = AXIS2_PLACEMENT_3D ( 'NONE', #509, #1462, #1246 ) ;
#99 = CARTESIAN_POINT ( 'NONE',  ( 0.000000000000000000, 0.07629912698803309468, 18.00000000000000000 ) ) ;
#100 = CARTESIAN_POINT ( 'NONE',  ( 243.4999999999999716, 285.0000000000000000, 25.00000000000000000 ) ) ;
#101 = CARTESIAN_POINT ( 'NONE',  ( 153.3638420405932266, 160.0762991269880047, 12.00000000000000178 ) ) ;
#102 = CYLINDRICAL_SURFACE ( 'NONE', #2030, 2.000000000000001776 ) ;
#103 = VERTEX_POINT ( 'NONE', #137 ) ;
#104 = ORIENTED_EDGE ( 'NONE', *, *, #1423, .T. ) ;
#105 = CARTESIAN_POINT ( 'NONE',  ( 195.0000000000000000, -35.92370087301227954, 18.00000000000000000 ) ) ;
#106 = ORIENTED_EDGE ( 'NONE', *, *, #2902, .T. ) ;
#107 = CARTESIAN_POINT ( 'NONE',  ( 195.0000000000000000, 0.07629912698803309468, 9.000000000000000000 ) ) ;
#108 = DIRECTION ( 'NONE',  ( 0.000000000000000000, 0.000000000000000000, -1.000000000000000000 ) ) ;
#109 = CARTESIAN_POINT ( 'NONE',  ( 13.00000000000000000, 12.50000000000000000, 11.00000000000000000 ) ) ;
#110 = ADVANCED_FACE ( 'NONE', ( #1077 ), #2945, .T. ) ;
#111 = FACE_OUTER_BOUND ( 'NONE', #1106, .T. ) ;
#112 = CARTESIAN_POINT ( 'NONE',  ( 153.3638420405932266, 160.0762991269880047, 25.00000000000000000 ) ) ;
#113 = B_SPLINE_CURVE_WITH_KNOTS ( 'NONE', 3,
 ( #2015, #22, #1431, #2597, #2760, #1336, #238, #401, #2566, #416, #2732, #1794 ),
 .UNSPECIFIED., .F., .F.,
 ( 4, 2, 2, 2, 2, 4 ),
 ( 0.000000000000000000, 0.001610770527179767589, 0.002416155790769648672, 0.003221541054359529973, 0.004832311581539287804, 0.006443082108719044333 ),
 .UNSPECIFIED. ) ;
#114 = DIRECTION ( 'NONE',  ( -0.000000000000000000, 0.000000000000000000, 1.000000000000000000 ) ) ;
#115 = DIRECTION ( 'NONE',  ( 1.000000000000000000, 0.000000000000000000, 0.000000000000000000 ) ) ;
#116 = ORIENTED_EDGE ( 'NONE', *, *, #1420, .F. ) ;
#117 = AXIS2_PLACEMENT_3D ( 'NONE', #140, #2216, #1276 ) ;
#118 = ORIENTED_EDGE ( 'NONE', *, *, #2991, .T. ) ;
#119 = LOCAL_TIME ( 18, 9, 46.00000000000000000, #685 ) ;
#120 = ORIENTED_EDGE ( 'NONE', *, *, #731, .F. ) ;
#121 = CARTESIAN_POINT ( 'NONE',  ( 7.000000000000007994, 360.0000000000000000, 25.00000000000000000 ) ) ;
#122 = CARTESIAN_POINT ( 'NONE',  ( 204.9999999999999716, 170.0000000000000000, 25.00000000000000000 ) ) ;
#123 = CARTESIAN_POINT ( 'NONE',  ( 47.99999999999998579, 170.0000000000000000, 5.000000000000000888 ) ) ;
#124 = PLANE ( 'NONE',  #1931 ) ;
#125 = FACE_OUTER_BOUND ( 'NONE', #1318, .T. ) ;
#126 = LINE ( 'NONE', #100, #2383 ) ;
#127 = CARTESIAN_POINT ( 'NONE',  ( 135.5000000000000000, 280.0000000000000000, 25.00000000000000000 ) ) ;
#128 = CIRCLE ( 'NONE', #1449, 2.000000000000000888 ) ;
#129 = CARTESIAN_POINT ( 'NONE',  ( 207.9999999999999716, 170.0000000000000000, 25.00000000000000000 ) ) ;
#130 = EDGE_CURVE ( 'NONE', #1699, #2906, #997, .T. ) ;
#131 = ORIENTED_EDGE ( 'NONE', *, *, #1370, .T. ) ;
#132 = CIRCLE ( 'NONE', #431, 3.000000000000002665 ) ;
#133 = ORIENTED_EDGE ( 'NONE', *, *, #1647, .F. ) ;
#134 = ORIENTED_EDGE ( 'NONE', *, *, #278, .T. ) ;
#135 = CARTESIAN_POINT ( 'NONE',  ( 95.00000000000000000, 380.0762991269879194, 8.499999999999989342 ) ) ;
#136 = CIRCLE ( 'NONE', #2249, 1.500000000000001332 ) ;
#137 = CARTESIAN_POINT ( 'NONE',  ( 230.9999999999999716, 12.50000000000000000, 0.000000000000000000 ) ) ;
#138 = FACE_OUTER_BOUND ( 'NONE', #92, .T. ) ;
#139 = CIRCLE ( 'NONE', #1611, 3.000000000000002665 ) ;
#140 = CARTESIAN_POINT ( 'NONE',  ( 112.9999999999999858, 280.0000000000000000, 12.00000000000000000 ) ) ;
#141 = DIRECTION ( 'NONE',  ( -1.000000000000000000, 0.000000000000000000, 0.000000000000000000 ) ) ;
#142 = EDGE_CURVE ( 'NONE', #660, #1235, #2192, .T. ) ;
#143 = DIRECTION ( 'NONE',  ( -0.000000000000000000, -0.000000000000000000, -1.000000000000000000 ) ) ;
#144 = AXIS2_PLACEMENT_3D ( 'NONE', #1983, #143, #2704 ) ;
#145 = DIRECTION ( 'NONE',  ( -0.000000000000000000, -0.000000000000000000, -1.000000000000000000 ) ) ;
#146 = DIRECTION ( 'NONE',  ( -0.000000000000000000, 1.000000000000000000, -0.000000000000000000 ) ) ;
#147 = ORIENTED_EDGE ( 'NONE', *, *, #541, .F. ) ;
#148 = AXIS2_PLACEMENT_3D ( 'NONE', #2072, #2993, #1642 ) ;
#149 = EDGE_CURVE ( 'NONE', #717, #2143, #579, .T. ) ;
#150 = ORIENTED_EDGE ( 'NONE', *, *, #407, .T. ) ;
#151 = EDGE_LOOP ( 'NONE', ( #2281, #2632, #71, #183 ) ) ;
#152 = CARTESIAN_POINT ( 'NONE',  ( 239.6591245561227481, 3.884573156143863670, 25.00000000000000000 ) ) ;
#153 = EDGE_LOOP ( 'NONE', ( #1975, #198 ) ) ;
#154 = DIRECTION ( 'NONE',  ( -1.000000000000000000, 0.000000000000000000, 0.000000000000000000 ) ) ;
#155 = ADVANCED_FACE ( 'NONE', ( #430, #201 ), #1137, .F. ) ;
#156 = DIRECTION ( 'NONE',  ( -0.000000000000000000, 1.000000000000000000, -0.000000000000000000 ) ) ;
#157 = FACE_BOUND ( 'NONE', #1610, .T. ) ;
#158 = DIRECTION ( 'NONE',  ( -0.000000000000000000, 0.000000000000000000, 1.000000000000000000 ) ) ;
#159 = EDGE_CURVE ( 'NONE', #627, #1596, #372, .T. ) ;
#160 = DIRECTION ( 'NONE',  ( -0.000000000000000000, -0.000000000000000000, -1.000000000000000000 ) ) ;
#161 = CARTESIAN_POINT ( 'NONE',  ( 135.5000000000000000, 280.0000000000000000, 12.00000000000000000 ) ) ;
#162 = ORIENTED_EDGE ( 'NONE', *, *, #614, .F. ) ;
#163 = AXIS2_PLACEMENT_3D ( 'NONE', #1747, #1731, #1471 ) ;
#164 = EDGE_CURVE ( 'NONE', #315, #1660, #1295, .T. ) ;
#165 = ORIENTED_EDGE ( 'NONE', *, *, #2702, .F. ) ;
#166 = ORIENTED_EDGE ( 'NONE', *, *, #448, .F. ) ;
#167 = CARTESIAN_POINT ( 'NONE',  ( 19.00000000000002842, 12.50000000000000000, 11.00000000000000000 ) ) ;
#168 = ORIENTED_EDGE ( 'NONE', *, *, #269, .F. ) ;
#169 = CARTESIAN_POINT ( 'NONE',  ( 55.00000000000000000, 380.0762991269879194, -0.000000000000000000 ) ) ;
#170 = FACE_OUTER_BOUND ( 'NONE', #1196, .T. ) ;
#171 = EDGE_CURVE ( 'NONE', #2120, #1387, #2004, .T. ) ;
#172 = AXIS2_PLACEMENT_3D ( 'NONE', #2643, #2412, #954 ) ;
#173 = DIRECTION ( 'NONE',  ( 1.000000000000000000, 0.000000000000000000, 0.000000000000000000 ) ) ;
#174 = LINE ( 'NONE', #2965, #1751 ) ;
#175 = LINE ( 'NONE', #1168, #2300 ) ;
#176 = B_SPLINE_CURVE_WITH_KNOTS ( 'NONE', 3,
 ( #859, #633, #1076, #398, #2010, #845, #2484, #618, #381, #2257, #152, #1090 ),
 .UNSPECIFIED., .F., .F.,
 ( 4, 2, 2, 2, 2, 4 ),
 ( 0.000000000000000000, 0.001610770527179815944, 0.002416155790769723699, 0.003221541054359631888, 0.004832311581539364999, 0.006443082108719098977 ),
 .UNSPECIFIED. ) ;
#177 = EDGE_CURVE ( 'NONE', #184, #2225, #867, .T. ) ;
#178 = CARTESIAN_POINT ( 'NONE',  ( 250.6138420405932266, 0.07629912698803309468, 25.00000000000000000 ) ) ;
#179 = ORIENTED_EDGE ( 'NONE', *, *, #407, .F. ) ;
#180 = VECTOR ( 'NONE', #1791, 1000.000000000000000 ) ;
#181 = ADVANCED_FACE ( 'NONE', ( #1123 ), #666, .F. ) ;
#182 = EDGE_LOOP ( 'NONE', ( #273, #601, #1805, #2209 ) ) ;
#183 = ORIENTED_EDGE ( 'NONE', *, *, #2853, .F. ) ;
#184 = VERTEX_POINT ( 'NONE', #2529 ) ;
#185 = CARTESIAN_POINT ( 'NONE',  ( 97.86384204059322656, 160.0762991269880047, 12.00000000000000178 ) ) ;
#186 = VECTOR ( 'NONE', #1970, 1000.000000000000000 ) ;
#187 = DIRECTION ( 'NONE',  ( -0.000000000000000000, -0.000000000000000000, -1.000000000000000000 ) ) ;
#188 = DIRECTION ( 'NONE',  ( 1.000000000000000000, 0.000000000000000000, 0.000000000000000000 ) ) ;
#189 = AXIS2_PLACEMENT_3D ( 'NONE', #2831, #2617, #518 ) ;
#190 = DIRECTION ( 'NONE',  ( 0.000000000000000000, 0.000000000000000000, -1.000000000000000000 ) ) ;
#191 = DIRECTION ( 'NONE',  ( -0.000000000000000000, 1.000000000000000000, -0.000000000000000000 ) ) ;
#192 = EDGE_CURVE ( 'NONE', #288, #3013, #1365, .T. ) ;
#193 = PLANE ( 'NONE',  #1062 ) ;
#194 = ORIENTED_EDGE ( 'NONE', *, *, #1954, .F. ) ;
#195 = CIRCLE ( 'NONE', #973, 1.500000000000001332 ) ;
#196 = PRODUCT_DEFINITION_SHAPE ( 'NONE', 'NONE',  #583 ) ;
#197 = ORIENTED_EDGE ( 'NONE', *, *, #969, .F. ) ;
#198 = ORIENTED_EDGE ( 'NONE', *, *, #1098, .F. ) ;
#199 = VERTEX_POINT ( 'NONE', #578 ) ;
#200 = CARTESIAN_POINT ( 'NONE',  ( 112.9999999999999858, 280.0000000000000000, 25.00000000000000000 ) ) ;
#201 = FACE_BOUND ( 'NONE', #646, .T. ) ;
#202 = LINE ( 'NONE', #2059, #2941 ) ;
#203 = DIRECTION ( 'NONE',  ( -1.000000000000000000, 0.000000000000000000, 0.000000000000000000 ) ) ;
#204 = CARTESIAN_POINT ( 'NONE',  ( 191.5000000000000000, 0.07629912698803309468, 9.000000000000000000 ) ) ;
#205 = APPROVAL_DATE_TIME ( #2332, #2714 ) ;
#206 = VERTEX_POINT ( 'NONE', #905 ) ;
#207 = ADVANCED_FACE ( 'NONE', ( #1545 ), #2937, .F. ) ;
#208 = ORIENTED_EDGE ( 'NONE', *, *, #1838, .T. ) ;
#209 = ORIENTED_EDGE ( 'NONE', *, *, #2312, .T. ) ;
#210 = ORIENTED_EDGE ( 'NONE', *, *, #785, .T. ) ;
#211 = DIRECTION ( 'NONE',  ( -0.000000000000000000, -0.000000000000000000, -1.000000000000000000 ) ) ;
#212 = FACE_OUTER_BOUND ( 'NONE', #241, .T. ) ;
#213 = EDGE_CURVE ( 'NONE', #1849, #2295, #2728, .T. ) ;
#214 = PLANE ( 'NONE',  #2575 ) ;
#215 = FACE_BOUND ( 'NONE', #747, .T. ) ;
#216 = VECTOR ( 'NONE', #581, 1000.000000000000000 ) ;
#217 = FACE_OUTER_BOUND ( 'NONE', #1727, .T. ) ;
#218 = SECURITY_CLASSIFICATION ( '', '', #1663 ) ;
#219 = CIRCLE ( 'NONE', #667, 3.000000000000002665 ) ;
#220 = CC_DESIGN_PERSON_AND_ORGANIZATION_ASSIGNMENT ( #938, #1382, ( #313 ) ) ;
#221 = DIRECTION ( 'NONE',  ( -1.000000000000000000, 0.000000000000000000, 0.000000000000000000 ) ) ;
#222 = ORIENTED_EDGE ( 'NONE', *, *, #2997, .F. ) ;
#223 = ADVANCED_FACE ( 'NONE', ( #2313 ), #214, .F. ) ;
#224 = VERTEX_POINT ( 'NONE', #1065 ) ;
#225 = EDGE_LOOP ( 'NONE', ( #1334, #500 ) ) ;
#226 = ORIENTED_EDGE ( 'NONE', *, *, #1522, .F. ) ;
#227 = DIRECTION ( 'NONE',  ( 0.000000000000000000, 1.000000000000000000, 0.000000000000000000 ) ) ;
#228 = VECTOR ( 'NONE', #2265, 1000.000000000000000 ) ;
#229 = CARTESIAN_POINT ( 'NONE',  ( 243.4999999999999716, 285.0000000000000000, 12.00000000000000000 ) ) ;
#230 = DIRECTION ( 'NONE',  ( -1.000000000000000000, 0.000000000000000000, 0.000000000000000000 ) ) ;
#231 = LINE ( 'NONE', #1643, #2047 ) ;
#232 = AXIS2_PLACEMENT_3D ( 'NONE', #557, #2653, #2948 ) ;
#233 = EDGE_CURVE ( 'NONE', #1235, #2859, #838, .T. ) ;
#234 = CIRCLE ( 'NONE', #1019, 9.000000000000007105 ) ;
#235 = LINE ( 'NONE', #670, #1127 ) ;
#236 = EDGE_LOOP ( 'NONE', ( #2580, #535, #2843, #2814 ) ) ;
#237 = VERTEX_POINT ( 'NONE', #609 ) ;
#238 = CARTESIAN_POINT ( 'NONE',  ( 12.72858700869332615, 3.500004477727627350, 24.95826786325209667 ) ) ;
#239 = AXIS2_PLACEMENT_3D ( 'NONE', #2279, #2982, #3022 ) ;
#240 = ORIENTED_EDGE ( 'NONE', *, *, #1598, .F. ) ;
#241 = EDGE_LOOP ( 'NONE', ( #1886, #2811, #2710, #2543 ) ) ;
#242 = CARTESIAN_POINT ( 'NONE',  ( 243.4999999999999716, 285.0000000000000000, 25.00000000000000000 ) ) ;
#243 = PLANE ( 'NONE',  #1589 ) ;
#244 = CYLINDRICAL_SURFACE ( 'NONE', #289, 3.000000000000002665 ) ;
#245 = CARTESIAN_POINT ( 'NONE',  ( 41.99999999999997868, 170.0000000000000000, 25.00000000000000000 ) ) ;
#246 = ORIENTED_EDGE ( 'NONE', *, *, #1384, .F. ) ;
#247 = DIRECTION ( 'NONE',  ( -0.000000000000000000, 0.000000000000000000, -1.000000000000000000 ) ) ;
#248 = ORIENTED_EDGE ( 'NONE', *, *, #2603, .T. ) ;
#249 = DIRECTION ( 'NONE',  ( -0.000000000000000000, 0.000000000000000000, 1.000000000000000000 ) ) ;
#250 = ORIENTED_EDGE ( 'NONE', *, *, #2660, .F. ) ;
#251 = VERTEX_POINT ( 'NONE', #1740 ) ;
#252 = LINE ( 'NONE', #1189, #1209 ) ;
#253 = CC_DESIGN_PERSON_AND_ORGANIZATION_ASSIGNMENT ( #1328, #2266, ( #438 ) ) ;
#254 = CARTESIAN_POINT ( 'NONE',  ( 178.5000000000000000, 380.0762991269879194, 9.000000000000001776 ) ) ;
#255 = CARTESIAN_POINT ( 'NONE',  ( 21.03137303340310993, 366.3184203014566833, 12.00000000000000000 ) ) ;
#256 = CARTESIAN_POINT ( 'NONE',  ( 0.000000000000000000, -35.92370087301227954, 18.00000000000000000 ) ) ;
#257 = VECTOR ( 'NONE', #946, 1000.000000000000000 ) ;
#258 = EDGE_LOOP ( 'NONE', ( #2708, #1332, #700, #4 ) ) ;
#259 = EDGE_CURVE ( 'NONE', #2295, #1849, #472, .T. ) ;
#260 = LINE ( 'NONE', #728, #42 ) ;
#261 = VECTOR ( 'NONE', #2677, 1000.000000000000000 ) ;
#262 = CIRCLE ( 'NONE', #1496, 3.000000000000002665 ) ;
#263 = CARTESIAN_POINT ( 'NONE',  ( 246.5000000000000000, 165.0000000000000000, 12.00000000000000000 ) ) ;
#264 = ORIENTED_EDGE ( 'NONE', *, *, #1619, .T. ) ;
#265 = DIRECTION ( 'NONE',  ( -0.000000000000000000, 1.000000000000000000, -0.000000000000000000 ) ) ;
#266 = ORIENTED_EDGE ( 'NONE', *, *, #1315, .T. ) ;
#267 = ORIENTED_EDGE ( 'NONE', *, *, #908, .F. ) ;
#268 = DIRECTION ( 'NONE',  ( -0.000000000000000000, -0.000000000000000000, -1.000000000000000000 ) ) ;
#269 = EDGE_CURVE ( 'NONE', #1447, #467, #1893, .T. ) ;
#270 = DIRECTION ( 'NONE',  ( 0.000000000000000000, 0.000000000000000000, 1.000000000000000000 ) ) ;
#271 = FACE_BOUND ( 'NONE', #2258, .T. ) ;
#272 = CARTESIAN_POINT ( 'NONE',  ( 159.5000000000000284, 280.0000000000000000, 25.00000000000000000 ) ) ;
#273 = ORIENTED_EDGE ( 'NONE', *, *, #1073, .F. ) ;
#274 = DIRECTION ( 'NONE',  ( -0.000000000000000000, -0.000000000000000000, -1.000000000000000000 ) ) ;
#275 = EDGE_CURVE ( 'NONE', #976, #103, #285, .T. ) ;
#276 = DIRECTION ( 'NONE',  ( 0.000000000000000000, 0.000000000000000000, -1.000000000000000000 ) ) ;
#277 = VECTOR ( 'NONE', #2633, 1000.000000000000000 ) ;
#278 = EDGE_CURVE ( 'NONE', #2648, #1387, #1422, .T. ) ;
#279 = DIRECTION ( 'NONE',  ( 0.000000000000000000, -0.000000000000000000, 1.000000000000000000 ) ) ;
#280 = ORIENTED_EDGE ( 'NONE', *, *, #2219, .F. ) ;
#281 = CARTESIAN_POINT ( 'NONE',  ( 71.50000000000000000, 0.07629912698803309468, 9.000000000000000000 ) ) ;
#282 = ORIENTED_EDGE ( 'NONE', *, *, #413, .T. ) ;
#283 = VERTEX_POINT ( 'NONE', #2354 ) ;
#284 = CYLINDRICAL_SURFACE ( 'NONE', #1607, 1.500000000000001332 ) ;
#285 = LINE ( 'NONE', #2556, #1796 ) ;
#286 = PLANE ( 'NONE',  #1326 ) ;
#287 = CARTESIAN_POINT ( 'NONE',  ( 71.50000000000000000, 0.07629912698803309468, 25.00000000000000000 ) ) ;
#288 = VERTEX_POINT ( 'NONE', #490 ) ;
#289 = AXIS2_PLACEMENT_3D ( 'NONE', #694, #2803, #1826 ) ;
#290 = DIRECTION ( 'NONE',  ( -1.000000000000000000, 0.000000000000000000, 0.000000000000000000 ) ) ;
#291 = FACE_OUTER_BOUND ( 'NONE', #236, .T. ) ;
#292 = EDGE_CURVE ( 'NONE', #1594, #315, #2973, .T. ) ;
#293 = ORIENTED_EDGE ( 'NONE', *, *, #356, .T. ) ;
#294 = DIRECTION ( 'NONE',  ( 0.000000000000000000, 1.000000000000000000, 0.000000000000000000 ) ) ;
#295 = EDGE_LOOP ( 'NONE', ( #1362, #332, #452, #726 ) ) ;
#296 = DIRECTION ( 'NONE',  ( -0.000000000000000000, -0.000000000000000000, -1.000000000000000000 ) ) ;
#297 = EDGE_CURVE ( 'NONE', #1851, #1613, #933, .T. ) ;
#298 = ORIENTED_EDGE ( 'NONE', *, *, #563, .F. ) ;
#299 = ORIENTED_EDGE ( 'NONE', *, *, #1086, .T. ) ;
#300 = CARTESIAN_POINT ( 'NONE',  ( 245.0000000000000000, 345.0000000000000000, 25.00000000000000000 ) ) ;
#301 = DIRECTION ( 'NONE',  ( 1.000000000000000000, 0.000000000000000000, 0.000000000000000000 ) ) ;
#302 = EDGE_LOOP ( 'NONE', ( #2159, #2799, #1383, #554 ) ) ;
#303 = CARTESIAN_POINT ( 'NONE',  ( 245.0000000000000000, 165.0000000000000000, 25.00000000000000000 ) ) ;
#304 = EDGE_CURVE ( 'NONE', #1634, #442, #2517, .T. ) ;
#305 = LINE ( 'NONE', #1243, #2858 ) ;
#306 = DIRECTION ( 'NONE',  ( -0.000000000000000000, 0.000000000000000000, 1.000000000000000000 ) ) ;
#307 = EDGE_CURVE ( 'NONE', #1849, #1874, #1656, .T. ) ;
#308 = CARTESIAN_POINT ( 'NONE',  ( 230.9999999999999716, 12.50000000000000000, 11.00000000000000000 ) ) ;
#309 = VECTOR ( 'NONE', #1696, 1000.000000000000000 ) ;
#310 = DIRECTION ( 'NONE',  ( -1.000000000000000000, 0.000000000000000000, 0.000000000000000000 ) ) ;
#311 = ORIENTED_EDGE ( 'NONE', *, *, #1141, .F. ) ;
#312 = DIRECTION ( 'NONE',  ( -1.000000000000000000, 0.000000000000000000, 0.000000000000000000 ) ) ;
#313 = PRODUCT_DEFINITION_FORMATION_WITH_SPECIFIED_SOURCE ( 'ä»', '', #438, .NOT_KNOWN. ) ;
#314 = VECTOR ( 'NONE', #2605, 1000.000000000000000 ) ;
#315 = VERTEX_POINT ( 'NONE', #3031 ) ;
#316 = ORIENTED_EDGE ( 'NONE', *, *, #1929, .T. ) ;
#317 = CYLINDRICAL_SURFACE ( 'NONE', #918, 1.500000000000001332 ) ;
#318 = EDGE_CURVE ( 'NONE', #408, #1317, #1866, .T. ) ;
#319 = ORIENTED_EDGE ( 'NONE', *, *, #638, .F. ) ;
#320 = DIRECTION ( 'NONE',  ( -1.000000000000000000, 0.000000000000000000, 0.000000000000000000 ) ) ;
#321 = ORIENTED_EDGE ( 'NONE', *, *, #2952, .T. ) ;
#322 = DIRECTION ( 'NONE',  ( 0.000000000000000000, 0.000000000000000000, 1.000000000000000000 ) ) ;
#323 = CYLINDRICAL_SURFACE ( 'NONE', #2520, 9.000000000000001776 ) ;
#324 = AXIS2_PLACEMENT_3D ( 'NONE', #553, #2469, #301 ) ;
#325 = DIRECTION ( 'NONE',  ( -0.000000000000000000, 1.000000000000000000, -0.000000000000000000 ) ) ;
#326 = DIRECTION ( 'NONE',  ( 1.000000000000000000, 0.000000000000000000, 0.000000000000000000 ) ) ;
#327 = VECTOR ( 'NONE', #1839, 1000.000000000000000 ) ;
#328 = CIRCLE ( 'NONE', #2779, 4.000000000000007105 ) ;
#329 = CARTESIAN_POINT ( 'NONE',  ( 246.5000000000000000, 165.0000000000000000, 25.00000000000000000 ) ) ;
#330 = LINE ( 'NONE', #1743, #261 ) ;
#331 = VECTOR ( 'NONE', #1955, 1000.000000000000000 ) ;
#332 = ORIENTED_EDGE ( 'NONE', *, *, #2107, .T. ) ;
#333 = ORIENTED_EDGE ( 'NONE', *, *, #1180, .F. ) ;
#334 = CYLINDRICAL_SURFACE ( 'NONE', #1340, 4.000000000000007105 ) ;
#335 = CYLINDRICAL_SURFACE ( 'NONE', #2317, 2.000000000000000888 ) ;
#336 = CARTESIAN_POINT ( 'NONE',  ( 245.0000000000000000, 345.0000000000000000, 25.00000000000000000 ) ) ;
#337 = DIRECTION ( 'NONE',  ( 1.000000000000000000, 0.000000000000000000, 0.000000000000000000 ) ) ;
#338 = CIRCLE ( 'NONE', #786, 9.000000000000000000 ) ;
#339 = DIRECTION ( 'NONE',  ( -1.000000000000000000, 0.000000000000000000, 0.000000000000000000 ) ) ;
#340 = CARTESIAN_POINT ( 'NONE',  ( -4.460717509654600497E-15, 380.0762991269879194, 8.999999999999912959 ) ) ;
#341 = DIRECTION ( 'NONE',  ( 0.000000000000000000, 1.000000000000000000, -0.000000000000000000 ) ) ;
#342 = AXIS2_PLACEMENT_3D ( 'NONE', #368, #1537, #2931 ) ;
#343 = CARTESIAN_POINT ( 'NONE',  ( 75.00000000000000000, 380.0762991269879194, -0.000000000000000000 ) ) ;
#344 = ADVANCED_FACE ( 'NONE', ( #1208 ), #243, .F. ) ;
#345 = CARTESIAN_POINT ( 'NONE',  ( 225.0000000000000000, 325.0762991269879194, 16.49999999999998934 ) ) ;
#346 = VERTEX_POINT ( 'NONE', #254 ) ;
#347 = ORIENTED_EDGE ( 'NONE', *, *, #503, .T. ) ;
#348 = VERTEX_POINT ( 'NONE', #473 ) ;
#349 = DIRECTION ( 'NONE',  ( -1.000000000000000000, 0.000000000000000000, 0.000000000000000000 ) ) ;
#350 = FACE_OUTER_BOUND ( 'NONE', #2621, .T. ) ;
#351 = FACE_OUTER_BOUND ( 'NONE', #1712, .T. ) ;
#352 = APPROVAL ( #1802, 'æœª' ) ;
#353 = CARTESIAN_POINT ( 'NONE',  ( 243.0000000000000000, 12.50000000000000000, 11.00000000000000000 ) ) ;
#354 = DIRECTION ( 'NONE',  ( 0.000000000000000000, 1.000000000000000000, 0.000000000000000000 ) ) ;
#355 = DIRECTION ( 'NONE',  ( 0.000000000000000000, 0.000000000000000000, 1.000000000000000000 ) ) ;
#356 = EDGE_CURVE ( 'NONE', #2051, #224, #1673, .T. ) ;
#357 = CARTESIAN_POINT ( 'NONE',  ( 13.00000000000000000, 12.50000000000000000, 25.00000000000000000 ) ) ;
#358 = DIRECTION ( 'NONE',  ( -0.000000000000000000, -0.000000000000000000, 1.000000000000000000 ) ) ;
#359 = DIRECTION ( 'NONE',  ( -0.000000000000000000, 0.000000000000000000, 1.000000000000000000 ) ) ;
#360 = ORIENTED_EDGE ( 'NONE', *, *, #2702, .T. ) ;
#361 = CIRCLE ( 'NONE', #1144, 9.000000000000007105 ) ;
#362 = VERTEX_POINT ( 'NONE', #1191 ) ;
#363 = AXIS2_PLACEMENT_3D ( 'NONE', #2237, #1299, #644 ) ;
#364 = ORIENTED_EDGE ( 'NONE', *, *, #719, .F. ) ;
#365 = CARTESIAN_POINT ( 'NONE',  ( 55.00000000000000000, 380.0762991269879194, 18.00000000000000000 ) ) ;
#366 = EDGE_CURVE ( 'NONE', #1606, #2648, #962, .T. ) ;
#367 = ORIENTED_EDGE ( 'NONE', *, *, #625, .T. ) ;
#368 = CARTESIAN_POINT ( 'NONE',  ( 13.00000000000000000, 12.50000000000000000, 11.00000000000000000 ) ) ;
#369 = DIRECTION ( 'NONE',  ( 0.000000000000000000, 0.000000000000000000, 1.000000000000000000 ) ) ;
#370 = CARTESIAN_POINT ( 'NONE',  ( 201.9999999999999432, 109.9999999999999858, 25.00000000000000000 ) ) ;
#371 = DIRECTION ( 'NONE',  ( -0.000000000000000000, 0.000000000000000000, -1.000000000000000000 ) ) ;
#372 = LINE ( 'NONE', #1985, #327 ) ;
#373 = ADVANCED_FACE ( 'NONE', ( #2832 ), #753, .F. ) ;
#374 = CIRCLE ( 'NONE', #1943, 1.500000000000029088 ) ;
#375 = DIRECTION ( 'NONE',  ( -0.000000000000000000, -0.000000000000000000, -1.000000000000000000 ) ) ;
#376 = CARTESIAN_POINT ( 'NONE',  ( 7.000000000000005329, 260.0000000000000000, 25.00000000000000000 ) ) ;
#377 = ORIENTED_EDGE ( 'NONE', *, *, #2863, .T. ) ;
#378 = CIRCLE ( 'NONE', #1408, 6.000000000000015987 ) ;
#379 = VERTEX_POINT ( 'NONE', #2618 ) ;
#380 = VERTEX_POINT ( 'NONE', #229 ) ;
#381 = CARTESIAN_POINT ( 'NONE',  ( 238.0777375310531738, 3.548634382572394941, 24.96621557631519650 ) ) ;
#382 = VECTOR ( 'NONE', #2528, 1000.000000000000000 ) ;
#383 = EDGE_LOOP ( 'NONE', ( #2839, #118, #2940, #2813 ) ) ;
#384 = CARTESIAN_POINT ( 'NONE',  ( 5.000000000000004441, 260.0000000000000000, 25.00000000000000000 ) ) ;
#385 = EDGE_CURVE ( 'NONE', #2542, #2051, #11, .T. ) ;
#386 = DIRECTION ( 'NONE',  ( 0.000000000000000000, 0.000000000000000000, -1.000000000000000000 ) ) ;
#387 = DIRECTION ( 'NONE',  ( -0.000000000000000000, -0.000000000000000000, -1.000000000000000000 ) ) ;
#388 = DIRECTION ( 'NONE',  ( -1.000000000000000000, 0.000000000000000000, 0.000000000000000000 ) ) ;
#389 = VECTOR ( 'NONE', #776, 1000.000000000000000 ) ;
#390 = DIRECTION ( 'NONE',  ( -1.000000000000000000, 0.000000000000000000, 0.000000000000000000 ) ) ;
#391 = EDGE_CURVE ( 'NONE', #976, #2551, #2805, .T. ) ;
#392 = DIRECTION ( 'NONE',  ( 0.000000000000000000, 1.000000000000000000, -0.000000000000000000 ) ) ;
#393 = VERTEX_POINT ( 'NONE', #1883 ) ;
#394 = VECTOR ( 'NONE', #1629, 1000.000000000000000 ) ;
#395 = EDGE_CURVE ( 'NONE', #1606, #1088, #2101, .T. ) ;
#396 = ORIENTED_EDGE ( 'NONE', *, *, #1003, .F. ) ;
#397 = ORIENTED_EDGE ( 'NONE', *, *, #2235, .T. ) ;
#398 = CARTESIAN_POINT ( 'NONE',  ( 235.6523199592249398, 3.597426467479535983, 24.97152604117050601 ) ) ;
#399 = ORIENTED_EDGE ( 'NONE', *, *, #2312, .F. ) ;
#400 = LINE ( 'NONE', #1305, #1214 ) ;
#401 = CARTESIAN_POINT ( 'NONE',  ( 13.54238041907141010, 3.499991048221169354, 24.95826590799935119 ) ) ;
#402 = ADVANCED_FACE ( 'NONE', ( #1917 ), #2847, .F. ) ;
#403 = DIRECTION ( 'NONE',  ( -0.000000000000000000, 0.000000000000000000, 1.000000000000000000 ) ) ;
#404 = CARTESIAN_POINT ( 'NONE',  ( 243.5000000000000000, 345.0000000000000000, 25.00000000000000000 ) ) ;
#405 = ADVANCED_FACE ( 'NONE', ( #693 ), #1627, .F. ) ;
#406 = CARTESIAN_POINT ( 'NONE',  ( 44.99999999999998579, 170.0000000000000000, 25.00000000000000000 ) ) ;
#407 = EDGE_CURVE ( 'NONE', #1219, #393, #1521, .T. ) ;
#408 = VERTEX_POINT ( 'NONE', #1701 ) ;
#409 = AXIS2_PLACEMENT_3D ( 'NONE', #2390, #2117, #270 ) ;
#410 = ORIENTED_EDGE ( 'NONE', *, *, #1879, .F. ) ;
#411 = VERTEX_POINT ( 'NONE', #799 ) ;
#412 = EDGE_LOOP ( 'NONE', ( #1405, #454, #1925, #584 ) ) ;
#413 = EDGE_CURVE ( 'NONE', #1432, #1606, #2455, .T. ) ;
#414 = CARTESIAN_POINT ( 'NONE',  ( 15.00000000000001421, 260.0000000000000000, 12.00000000000000000 ) ) ;
#415 = CIRCLE ( 'NONE', #854, 2.000000000000001776 ) ;
#416 = CARTESIAN_POINT ( 'NONE',  ( 15.13467056116899556, 3.740339835473982522, 24.98703240954344551 ) ) ;
#417 = AXIS2_PLACEMENT_3D ( 'NONE', #639, #354, #2687 ) ;
#418 = DIRECTION ( 'NONE',  ( 0.000000000000000000, 0.000000000000000000, -1.000000000000000000 ) ) ;
#419 = DIRECTION ( 'NONE',  ( 0.000000000000000000, 1.000000000000000000, -0.000000000000000000 ) ) ;
#420 = CARTESIAN_POINT ( 'NONE',  ( 24.99999999999999289, 380.0762991269879194, 8.499999999999996447 ) ) ;
#421 = CARTESIAN_POINT ( 'NONE',  ( 5.000000000000007105, 360.0000000000000000, 25.00000000000000000 ) ) ;
#422 = ORIENTED_EDGE ( 'NONE', *, *, #1339, .T. ) ;
#423 = AXIS2_PLACEMENT_3D ( 'NONE', #2938, #1327, #390 ) ;
#424 = ORIENTED_EDGE ( 'NONE', *, *, #839, .T. ) ;
#425 = EDGE_LOOP ( 'NONE', ( #2283, #2134, #1552, #662 ) ) ;
#426 = ORIENTED_EDGE ( 'NONE', *, *, #1771, .T. ) ;
#427 = DIRECTION ( 'NONE',  ( -0.000000000000000000, -0.000000000000000000, -1.000000000000000000 ) ) ;
#428 = AXIS2_PLACEMENT_3D ( 'NONE', #1956, #2885, #560 ) ;
#429 = ADVANCED_FACE ( 'NONE', ( #571 ), #993, .F. ) ;
#430 = FACE_OUTER_BOUND ( 'NONE', #1157, .T. ) ;
#431 = AXIS2_PLACEMENT_3D ( 'NONE', #25, #1239, #1915 ) ;
#432 = DIRECTION ( 'NONE',  ( -1.000000000000000000, 0.000000000000000000, 0.000000000000000000 ) ) ;
#433 = DIRECTION ( 'NONE',  ( 0.000000000000000000, 1.000000000000000000, 0.000000000000000000 ) ) ;
#434 = ADVANCED_FACE ( 'NONE', ( #2894 ), #334, .F. ) ;
#435 = DIRECTION ( 'NONE',  ( -1.000000000000000000, 0.000000000000000000, 0.000000000000000000 ) ) ;
#436 = PERSON_AND_ORGANIZATION ( #2, #1439 ) ;
#437 = ORIENTED_EDGE ( 'NONE', *, *, #503, .F. ) ;
#438 = PRODUCT ( '\X2\80cc677f53cd5de5\X0\', '\X2\80cc677f53cd5de5\X0\', '', ( #841 ) ) ;
#439 = ORIENTED_EDGE ( 'NONE', *, *, #1939, .F. ) ;
#440 = VERTEX_POINT ( 'NONE', #1057 ) ;
#441 = AXIS2_PLACEMENT_3D ( 'NONE', #2505, #622, #141 ) ;
#442 = VERTEX_POINT ( 'NONE', #832 ) ;
#443 = DIRECTION ( 'NONE',  ( -1.000000000000000000, 0.000000000000000000, 0.000000000000000000 ) ) ;
#444 = DIRECTION ( 'NONE',  ( -0.000000000000000000, 0.000000000000000000, 1.000000000000000000 ) ) ;
#445 = EDGE_CURVE ( 'NONE', #1596, #516, #2658, .T. ) ;
#446 = FACE_BOUND ( 'NONE', #1945, .T. ) ;
#447 = LINE ( 'NONE', #1110, #774 ) ;
#448 = EDGE_CURVE ( 'NONE', #2485, #224, #2666, .T. ) ;
#449 = CYLINDRICAL_SURFACE ( 'NONE', #1572, 3.000000000000002665 ) ;
#450 = PERSON_AND_ORGANIZATION_ROLE ( 'creator' ) ;
#451 = VERTEX_POINT ( 'NONE', #2880 ) ;
#452 = ORIENTED_EDGE ( 'NONE', *, *, #1068, .T. ) ;
#453 = ORIENTED_EDGE ( 'NONE', *, *, #1947, .T. ) ;
#454 = ORIENTED_EDGE ( 'NONE', *, *, #2135, .T. ) ;
#455 = DIRECTION ( 'NONE',  ( 1.000000000000000000, 0.000000000000000000, 0.000000000000000000 ) ) ;
#456 = ADVANCED_FACE ( 'NONE', ( #1040 ), #1504, .F. ) ;
#457 = DIRECTION ( 'NONE',  ( 0.000000000000000000, 0.000000000000000000, 1.000000000000000000 ) ) ;
#458 = DIRECTION ( 'NONE',  ( -0.000000000000000000, -0.000000000000000000, -1.000000000000000000 ) ) ;
#459 = AXIS2_PLACEMENT_3D ( 'NONE', #2274, #1108, #2042 ) ;
#460 = CARTESIAN_POINT ( 'NONE',  ( 178.5000000000000000, 0.07629912698803309468, 25.00000000000000000 ) ) ;
#461 = AXIS2_PLACEMENT_3D ( 'NONE', #2953, #1564, #1757 ) ;
#462 = AXIS2_PLACEMENT_3D ( 'NONE', #762, #2187, #310 ) ;
#463 = CARTESIAN_POINT ( 'NONE',  ( 237.0000000000000000, 12.50000000000000000, 11.00000000000000000 ) ) ;
#464 = CALENDAR_DATE ( 2024, 8, 10 ) ;
#465 = EDGE_CURVE ( 'NONE', #2631, #2225, #1272, .T. ) ;
#466 = VERTEX_POINT ( 'NONE', #1976 ) ;
#467 = VERTEX_POINT ( 'NONE', #2650 ) ;
#468 = DIRECTION ( 'NONE',  ( -1.000000000000000000, 0.000000000000000000, 0.000000000000000000 ) ) ;
#469 = ORIENTED_EDGE ( 'NONE', *, *, #2459, .T. ) ;
#470 = ORIENTED_EDGE ( 'NONE', *, *, #1780, .F. ) ;
#471 = CARTESIAN_POINT ( 'NONE',  ( 246.5000000000000000, 345.0000000000000000, 12.00000000000000000 ) ) ;
#472 = CIRCLE ( 'NONE', #961, 1.500000000000001332 ) ;
#473 = CARTESIAN_POINT ( 'NONE',  ( 21.67471647004093427, 366.3184203014566833, 12.00000000000000000 ) ) ;
#474 = DIRECTION ( 'NONE',  ( 1.000000000000000000, 0.000000000000000000, 0.000000000000000000 ) ) ;
#475 = AXIS2_PLACEMENT_3D ( 'NONE', #1690, #2637, #1868 ) ;
#476 = PLANE ( 'NONE',  #2578 ) ;
#477 = AXIS2_PLACEMENT_3D ( 'NONE', #40, #1484, #2404 ) ;
#478 = CIRCLE ( 'NONE', #1953, 1.500000000000001332 ) ;
#479 = CARTESIAN_POINT ( 'NONE',  ( 245.0000000000000000, 225.0000000000000000, 12.00000000000000000 ) ) ;
#480 = PERSON_AND_ORGANIZATION ( #2, #1439 ) ;
#481 = EDGE_CURVE ( 'NONE', #206, #1583, #1889, .T. ) ;
#482 = ORIENTED_EDGE ( 'NONE', *, *, #307, .T. ) ;
#483 = CARTESIAN_POINT ( 'NONE',  ( 5.000000000000007105, 360.0000000000000000, 12.00000000000000000 ) ) ;
#484 = CIRCLE ( 'NONE', #2205, 3.999999999999993339 ) ;
#485 = EDGE_LOOP ( 'NONE', ( #1185, #1789 ) ) ;
#486 = EDGE_LOOP ( 'NONE', ( #1347, #2271, #982, #2238, #586, #2140 ) ) ;
#487 = DIRECTION ( 'NONE',  ( -0.000000000000000000, -0.000000000000000000, -1.000000000000000000 ) ) ;
#488 = ADVANCED_FACE ( 'NONE', ( #1761 ), #1256, .F. ) ;
#489 = AXIS2_PLACEMENT_3D ( 'NONE', #740, #77, #322 ) ;
#490 = CARTESIAN_POINT ( 'NONE',  ( 135.5000000000000000, 280.0000000000000000, 25.00000000000000000 ) ) ;
#491 = FACE_BOUND ( 'NONE', #2877, .T. ) ;
#492 = PLANE ( 'NONE',  #857 ) ;
#493 = ORIENTED_EDGE ( 'NONE', *, *, #1800, .F. ) ;
#494 = DIRECTION ( 'NONE',  ( 0.000000000000000000, 0.000000000000000000, 1.000000000000000000 ) ) ;
#495 = ADVANCED_FACE ( 'NONE', ( #2682 ), #587, .F. ) ;
#496 = CARTESIAN_POINT ( 'NONE',  ( 58.50000000000000000, -35.92370087301227954, 9.000000000000000000 ) ) ;
#497 = ORIENTED_EDGE ( 'NONE', *, *, #3016, .T. ) ;
#498 = DIRECTION ( 'NONE',  ( 0.000000000000000000, 0.000000000000000000, 1.000000000000000000 ) ) ;
#499 = ORIENTED_EDGE ( 'NONE', *, *, #1763, .F. ) ;
#500 = ORIENTED_EDGE ( 'NONE', *, *, #2591, .F. ) ;
#501 = CARTESIAN_POINT ( 'NONE',  ( 21.67471647004093427, 366.3184203014566833, 12.00000000000000000 ) ) ;
#502 = CARTESIAN_POINT ( 'NONE',  ( 237.0000000000000000, 12.50000000000000000, 11.00000000000000000 ) ) ;
#503 = EDGE_CURVE ( 'NONE', #749, #913, #819, .T. ) ;
#504 = DIRECTION ( 'NONE',  ( -0.000000000000000000, -0.000000000000000000, -1.000000000000000000 ) ) ;
#505 = CARTESIAN_POINT ( 'NONE',  ( 0.000000000000000000, 380.0762991269879194, 9.000000000000000000 ) ) ;
#506 = ORIENTED_EDGE ( 'NONE', *, *, #1658, .T. ) ;
#507 = AXIS2_PLACEMENT_3D ( 'NONE', #733, #714, #1650 ) ;
#508 = CARTESIAN_POINT ( 'NONE',  ( 71.50000000000000000, 380.0762991269879194, 0.000000000000000000 ) ) ;
#509 = CARTESIAN_POINT ( 'NONE',  ( 97.86384204059322656, 160.0762991269880047, 25.00000000000000000 ) ) ;
#510 = CIRCLE ( 'NONE', #363, 4.000000000000000000 ) ;
#511 = VERTEX_POINT ( 'NONE', #57 ) ;
#512 = DIRECTION ( 'NONE',  ( -1.000000000000000000, 0.000000000000000000, 0.000000000000000000 ) ) ;
#513 = ADVANCED_FACE ( 'NONE', ( #1011 ), #1949, .F. ) ;
#514 = ORIENTED_EDGE ( 'NONE', *, *, #2742, .F. ) ;
#515 = CARTESIAN_POINT ( 'NONE',  ( 7.000000000000005329, 260.0000000000000000, 25.00000000000000000 ) ) ;
#516 = VERTEX_POINT ( 'NONE', #1486 ) ;
#517 = ORIENTED_EDGE ( 'NONE', *, *, #701, .T. ) ;
#518 = DIRECTION ( 'NONE',  ( 1.000000000000000000, 0.000000000000000000, -0.000000000000000000 ) ) ;
#519 = CARTESIAN_POINT ( 'NONE',  ( 15.00000000000001421, 260.0000000000000000, 25.00000000000000000 ) ) ;
#520 = VECTOR ( 'NONE', #1, 1000.000000000000000 ) ;
#521 = DIRECTION ( 'NONE',  ( 1.000000000000000000, 0.000000000000000000, 0.000000000000000000 ) ) ;
#522 = CARTESIAN_POINT ( 'NONE',  ( 114.4999999999999858, 280.0000000000000000, 12.00000000000000000 ) ) ;
#523 = ADVANCED_FACE ( 'NONE', ( #2422 ), #2195, .F. ) ;
#524 = ORIENTED_EDGE ( 'NONE', *, *, #1598, .T. ) ;
#525 = LINE ( 'NONE', #775, #824 ) ;
#526 = LINE ( 'NONE', #2411, #734 ) ;
#527 = CIRCLE ( 'NONE', #2146, 3.000000000000002665 ) ;
#528 = EDGE_CURVE ( 'NONE', #550, #1485, #2727, .T. ) ;
#529 = CIRCLE ( 'NONE', #1314, 1.500000000000001332 ) ;
#530 = CIRCLE ( 'NONE', #1361, 1.500000000000001332 ) ;
#531 = DIRECTION ( 'NONE',  ( -0.000000000000000000, 0.000000000000000000, -1.000000000000000000 ) ) ;
#532 = VERTEX_POINT ( 'NONE', #1776 ) ;
#533 = DIRECTION ( 'NONE',  ( -0.000000000000000000, 1.000000000000000000, -0.000000000000000000 ) ) ;
#534 = VERTEX_POINT ( 'NONE', #2270 ) ;
#535 = ORIENTED_EDGE ( 'NONE', *, *, #395, .T. ) ;
#536 = DIRECTION ( 'NONE',  ( 1.000000000000000000, -0.000000000000000000, -0.000000000000000000 ) ) ;
#537 = VECTOR ( 'NONE', #2752, 1000.000000000000000 ) ;
#538 = CARTESIAN_POINT ( 'NONE',  ( 245.0000000000000000, 165.0000000000000000, 12.00000000000000000 ) ) ;
#539 = FACE_OUTER_BOUND ( 'NONE', #2968, .T. ) ;
#540 = CARTESIAN_POINT ( 'NONE',  ( 250.6138420405932266, 380.0762991269879194, 25.00000000000000000 ) ) ;
#541 = EDGE_CURVE ( 'NONE', #1730, #379, #1105, .T. ) ;
#542 = VECTOR ( 'NONE', #387, 1000.000000000000000 ) ;
#543 = LINE ( 'NONE', #558, #2246 ) ;
#544 = CYLINDRICAL_SURFACE ( 'NONE', #1026, 3.000000000000002665 ) ;
#545 = EDGE_CURVE ( 'NONE', #1594, #2615, #2957, .T. ) ;
#546 = FACE_OUTER_BOUND ( 'NONE', #2307, .T. ) ;
#547 = EDGE_LOOP ( 'NONE', ( #3026, #672, #524, #860 ) ) ;
#548 = DIRECTION ( 'NONE',  ( 0.000000000000000000, -0.000000000000000000, 1.000000000000000000 ) ) ;
#549 = ORIENTED_EDGE ( 'NONE', *, *, #2373, .F. ) ;
#550 = VERTEX_POINT ( 'NONE', #365 ) ;
#551 = DIRECTION ( 'NONE',  ( 0.000000000000000000, 0.000000000000000000, 1.000000000000000000 ) ) ;
#552 = VERTEX_POINT ( 'NONE', #2711 ) ;
#553 = CARTESIAN_POINT ( 'NONE',  ( 15.00000000000001421, 260.0000000000000000, 25.00000000000000000 ) ) ;
#554 = ORIENTED_EDGE ( 'NONE', *, *, #2355, .F. ) ;
#555 = FACE_OUTER_BOUND ( 'NONE', #2693, .T. ) ;
#556 = EDGE_CURVE ( 'NONE', #2097, #1625, #2944, .T. ) ;
#557 = CARTESIAN_POINT ( 'NONE',  ( 237.0000000000000000, 12.50000000000000000, 0.000000000000000000 ) ) ;
#558 = CARTESIAN_POINT ( 'NONE',  ( 250.6138420405932266, 4.076299126988033095, 25.00000000000000000 ) ) ;
#559 = VECTOR ( 'NONE', #1964, 1000.000000000000000 ) ;
#560 = DIRECTION ( 'NONE',  ( 1.000000000000000000, 0.000000000000000000, 0.000000000000000000 ) ) ;
#561 = AXIS2_PLACEMENT_3D ( 'NONE', #972, #2208, #2173 ) ;
#562 = DIRECTION ( 'NONE',  ( 0.000000000000000000, 0.000000000000000000, 1.000000000000000000 ) ) ;
#563 = EDGE_CURVE ( 'NONE', #1568, #1419, #957, .T. ) ;
#564 = PLANE ( 'NONE',  #808 ) ;
#565 = CIRCLE ( 'NONE', #417, 4.000000000000000000 ) ;
#566 = VERTEX_POINT ( 'NONE', #135 ) ;
#567 = EDGE_CURVE ( 'NONE', #1500, #1385, #176, .T. ) ;
#568 = ORIENTED_EDGE ( 'NONE', *, *, #2824, .T. ) ;
#569 = DIRECTION ( 'NONE',  ( -0.000000000000000000, -0.000000000000000000, -1.000000000000000000 ) ) ;
#570 = ORIENTED_EDGE ( 'NONE', *, *, #606, .F. ) ;
#571 = FACE_OUTER_BOUND ( 'NONE', #2345, .T. ) ;
#572 = DIRECTION ( 'NONE',  ( 0.000000000000000000, 1.000000000000000000, -0.000000000000000000 ) ) ;
#573 = FACE_BOUND ( 'NONE', #2612, .T. ) ;
#574 = DIRECTION ( 'NONE',  ( 0.000000000000000000, 1.000000000000000000, 0.000000000000000000 ) ) ;
#575 = VECTOR ( 'NONE', #2038, 1000.000000000000000 ) ;
#576 = CARTESIAN_POINT ( 'NONE',  ( 245.0000000000000000, 285.0000000000000000, 25.00000000000000000 ) ) ;
#577 = CARTESIAN_POINT ( 'NONE',  ( 58.50000000000000000, 380.0762991269879194, 9.000000000000000000 ) ) ;
#578 = CARTESIAN_POINT ( 'NONE',  ( 21.03137303340310993, 325.0762991269879194, 12.00000000000000000 ) ) ;
#579 = CIRCLE ( 'NONE', #1648, 1.500000000000001332 ) ;
#580 = LINE ( 'NONE', #596, #2377 ) ;
#581 = DIRECTION ( 'NONE',  ( 0.000000000000000000, 1.000000000000000000, -0.000000000000000000 ) ) ;
#582 = AXIS2_PLACEMENT_3D ( 'NONE', #1729, #797, #2436 ) ;
#583 = PRODUCT_DEFINITION ( 'æœ', '', #313, #1004 ) ;
#584 = ORIENTED_EDGE ( 'NONE', *, *, #1502, .F. ) ;
#585 = ORIENTED_EDGE ( 'NONE', *, *, #641, .F. ) ;
#586 = ORIENTED_EDGE ( 'NONE', *, *, #2789, .T. ) ;
#587 = CYLINDRICAL_SURFACE ( 'NONE', #2969, 2.000000000000000888 ) ;
#588 = DIRECTION ( 'NONE',  ( -0.000000000000000000, 0.000000000000000000, 1.000000000000000000 ) ) ;
#589 = CYLINDRICAL_SURFACE ( 'NONE', #1410, 1.500000000000001332 ) ;
#590 = DIRECTION ( 'NONE',  ( -1.000000000000000000, 0.000000000000000000, 0.000000000000000000 ) ) ;
#591 = AXIS2_PLACEMENT_3D ( 'NONE', #1604, #1369, #2537 ) ;
#592 = CARTESIAN_POINT ( 'NONE',  ( 191.5000000000000000, 0.07629912698803309468, 25.00000000000000000 ) ) ;
#593 = CARTESIAN_POINT ( 'NONE',  ( 155.0000000000000000, 325.0762991269879194, 16.49999999999999645 ) ) ;
#594 = DIRECTION ( 'NONE',  ( -1.000000000000000000, 0.000000000000000000, 0.000000000000000000 ) ) ;
#595 = AXIS2_PLACEMENT_3D ( 'NONE', #1424, #458, #1411 ) ;
#596 = CARTESIAN_POINT ( 'NONE',  ( 250.6138420405932266, 0.000000000000000000, 0.000000000000000000 ) ) ;
#597 = EDGE_CURVE ( 'NONE', #2480, #534, #2675, .T. ) ;
#598 = CARTESIAN_POINT ( 'NONE',  ( 225.0000000000000000, 325.0762991269879194, 8.500000000000003553 ) ) ;
#599 = ORIENTED_EDGE ( 'NONE', *, *, #2355, .T. ) ;
#600 = ORIENTED_EDGE ( 'NONE', *, *, #2979, .T. ) ;
#601 = ORIENTED_EDGE ( 'NONE', *, *, #391, .F. ) ;
#602 = CARTESIAN_POINT ( 'NONE',  ( 15.00000000000001421, 260.0000000000000000, 25.00000000000000000 ) ) ;
#603 = DIRECTION ( 'NONE',  ( -0.000000000000000000, 0.000000000000000000, -1.000000000000000000 ) ) ;
#604 = CARTESIAN_POINT ( 'NONE',  ( 112.9999999999999858, 280.0000000000000000, 12.00000000000000000 ) ) ;
#605 = FACE_OUTER_BOUND ( 'NONE', #2891, .T. ) ;
#606 = EDGE_CURVE ( 'NONE', #442, #1634, #1745, .T. ) ;
#607 = CARTESIAN_POINT ( 'NONE',  ( 245.0000000000000000, 345.0000000000000000, 25.00000000000000000 ) ) ;
#608 = CARTESIAN_POINT ( 'NONE',  ( 0.000000000000000000, 0.000000000000000000, 12.00000000000000000 ) ) ;
#609 = CARTESIAN_POINT ( 'NONE',  ( 246.0000000000000000, 12.50000000000000178, 25.00000000000000000 ) ) ;
#610 = DIRECTION ( 'NONE',  ( -1.000000000000000000, 0.000000000000000000, 0.000000000000000000 ) ) ;
#611 =( NAMED_UNIT ( * ) SI_UNIT ( $, .STERADIAN. ) SOLID_ANGLE_UNIT ( ) );
#612 = ORIENTED_EDGE ( 'NONE', *, *, #2138, .T. ) ;
#613 = AXIS2_PLACEMENT_3D ( 'NONE', #1536, #1273, #2470 ) ;
#614 = EDGE_CURVE ( 'NONE', #1419, #1568, #2089, .T. ) ;
#615 = ORIENTED_EDGE ( 'NONE', *, *, #2883, .F. ) ;
#616 = VECTOR ( 'NONE', #1795, 1000.000000000000000 ) ;
#617 = ORIENTED_EDGE ( 'NONE', *, *, #2244, .F. ) ;
#618 = CARTESIAN_POINT ( 'NONE',  ( 237.5423804190714350, 3.499991048221161805, 24.95826590799934763 ) ) ;
#619 = VERTEX_POINT ( 'NONE', #1563 ) ;
#620 = LINE ( 'NONE', #2012, #2452 ) ;
#621 = DIRECTION ( 'NONE',  ( 0.000000000000000000, 1.000000000000000000, -0.000000000000000000 ) ) ;
#622 = DIRECTION ( 'NONE',  ( -0.000000000000000000, -0.000000000000000000, -1.000000000000000000 ) ) ;
#623 = FACE_OUTER_BOUND ( 'NONE', #8, .T. ) ;
#624 = VECTOR ( 'NONE', #375, 1000.000000000000000 ) ;
#625 = EDGE_CURVE ( 'NONE', #1864, #1485, #1298, .T. ) ;
#626 = CARTESIAN_POINT ( 'NONE',  ( 245.0000000000000000, 285.0000000000000000, 25.00000000000000000 ) ) ;
#627 = VERTEX_POINT ( 'NONE', #329 ) ;
#628 = AXIS2_PLACEMENT_3D ( 'NONE', #3035, #1166, #2105 ) ;
#629 = VECTOR ( 'NONE', #1967, 1000.000000000000000 ) ;
#630 = ORIENTED_EDGE ( 'NONE', *, *, #1820, .F. ) ;
#631 = EDGE_CURVE ( 'NONE', #2695, #2160, #580, .T. ) ;
#632 = ORIENTED_EDGE ( 'NONE', *, *, #631, .T. ) ;
#633 = CARTESIAN_POINT ( 'NONE',  ( 234.3409634915647644, 3.884540034704497380, 25.00000000000000355 ) ) ;
#634 = VECTOR ( 'NONE', #2759, 1000.000000000000000 ) ;
#635 = ORIENTED_EDGE ( 'NONE', *, *, #2600, .F. ) ;
#636 = DIRECTION ( 'NONE',  ( -0.000000000000000000, -0.000000000000000000, -1.000000000000000000 ) ) ;
#637 = DIRECTION ( 'NONE',  ( 1.000000000000000000, 0.000000000000000000, 0.000000000000000000 ) ) ;
#638 = EDGE_CURVE ( 'NONE', #1897, #1634, #2221, .T. ) ;
#639 = CARTESIAN_POINT ( 'NONE',  ( 24.99999999999999289, 380.0762991269879194, 12.49999999999999645 ) ) ;
#640 = CARTESIAN_POINT ( 'NONE',  ( 225.0000000000000000, 325.0762991269879194, 8.500000000000003553 ) ) ;
#641 = EDGE_CURVE ( 'NONE', #1316, #1944, #128, .T. ) ;
#642 = AXIS2_PLACEMENT_3D ( 'NONE', #2508, #2063, #895 ) ;
#643 = DIRECTION ( 'NONE',  ( 1.000000000000000000, 0.000000000000000000, 0.000000000000000000 ) ) ;
#644 = DIRECTION ( 'NONE',  ( 8.673617379884035472E-16, 0.000000000000000000, 1.000000000000000000 ) ) ;
#645 = ADVANCED_FACE ( 'NONE', ( #1312, #1067 ), #1265, .F. ) ;
#646 = EDGE_LOOP ( 'NONE', ( #1520, #1467 ) ) ;
#647 = EDGE_LOOP ( 'NONE', ( #1927, #2798, #630, #2374 ) ) ;
#648 = ORIENTED_EDGE ( 'NONE', *, *, #1428, .T. ) ;
#649 = ORIENTED_EDGE ( 'NONE', *, *, #2000, .F. ) ;
#650 = DIRECTION ( 'NONE',  ( -1.000000000000000000, 0.000000000000000000, 0.000000000000000000 ) ) ;
#651 = DIRECTION ( 'NONE',  ( -0.000000000000000000, 1.000000000000000000, -0.000000000000000000 ) ) ;
#652 = PLANE ( 'NONE',  #2108 ) ;
#653 = ADVANCED_FACE ( 'NONE', ( #2431 ), #2005, .T. ) ;
#654 = CARTESIAN_POINT ( 'NONE',  ( 13.00000000000001066, 12.50000000000000000, 11.00000000000000000 ) ) ;
#655 = CARTESIAN_POINT ( 'NONE',  ( 0.6138420405932265567, 0.000000000000000000, 0.000000000000000000 ) ) ;
#656 = DIRECTION ( 'NONE',  ( -0.000000000000000000, 0.000000000000000000, 1.000000000000000000 ) ) ;
#657 = ORIENTED_EDGE ( 'NONE', *, *, #731, .T. ) ;
#658 = EDGE_CURVE ( 'NONE', #1624, #619, #1051, .T. ) ;
#659 = AXIS2_PLACEMENT_3D ( 'NONE', #502, #2341, #2370 ) ;
#660 = VERTEX_POINT ( 'NONE', #840 ) ;
#661 = ORIENTED_EDGE ( 'NONE', *, *, #2007, .T. ) ;
#662 = ORIENTED_EDGE ( 'NONE', *, *, #1358, .T. ) ;
#663 = FACE_BOUND ( 'NONE', #1744, .T. ) ;
#664 = CIRCLE ( 'NONE', #2764, 3.999999999999993339 ) ;
#665 = CARTESIAN_POINT ( 'NONE',  ( 13.00000000000000000, 12.50000000000000000, 25.00000000000000000 ) ) ;
#666 = PLANE ( 'NONE',  #2290 ) ;
#667 = AXIS2_PLACEMENT_3D ( 'NONE', #730, #970, #1020 ) ;
#668 = DIRECTION ( 'NONE',  ( -0.000000000000000000, -0.000000000000000000, 1.000000000000000000 ) ) ;
#669 = CARTESIAN_POINT ( 'NONE',  ( 13.00000000000000000, 12.50000000000000000, 25.00000000000000000 ) ) ;
#670 = CARTESIAN_POINT ( 'NONE',  ( 155.0000000000000000, 325.0762991269879194, 16.49999999999999645 ) ) ;
#671 = DATE_AND_TIME ( #729, #1149 ) ;
#672 = ORIENTED_EDGE ( 'NONE', *, *, #2449, .T. ) ;
#673 = AXIS2_PLACEMENT_3D ( 'NONE', #101, #1097, #2018 ) ;
#674 = ORIENTED_EDGE ( 'NONE', *, *, #1709, .F. ) ;
#675 = ORIENTED_EDGE ( 'NONE', *, *, #2559, .T. ) ;
#676 = ORIENTED_EDGE ( 'NONE', *, *, #3016, .F. ) ;
#677 = DIRECTION ( 'NONE',  ( -0.000000000000000000, 1.000000000000000000, -0.000000000000000000 ) ) ;
#678 = VECTOR ( 'NONE', #2152, 1000.000000000000000 ) ;
#679 = AXIS2_PLACEMENT_3D ( 'NONE', #1082, #2900, #1541 ) ;
#680 = DIRECTION ( 'NONE',  ( -0.000000000000000000, -0.000000000000000000, -1.000000000000000000 ) ) ;
#681 = VECTOR ( 'NONE', #677, 1000.000000000000000 ) ;
#682 = FACE_OUTER_BOUND ( 'NONE', #2367, .T. ) ;
#683 = CARTESIAN_POINT ( 'NONE',  ( 246.0000000000000000, 12.50000000000000178, 25.00000000000000000 ) ) ;
#684 = CARTESIAN_POINT ( 'NONE',  ( 55.00000000000000000, 0.07629912698803309468, 25.00000000000000000 ) ) ;
#685 = COORDINATED_UNIVERSAL_TIME_OFFSET ( 8, 0, .AHEAD. ) ;
#686 = ORIENTED_EDGE ( 'NONE', *, *, #2378, .T. ) ;
#687 = ADVANCED_FACE ( 'NONE', ( #1084 ), #2251, .F. ) ;
#688 = ORIENTED_EDGE ( 'NONE', *, *, #1141, .T. ) ;
#689 = ORIENTED_EDGE ( 'NONE', *, *, #839, .F. ) ;
#690 = AXIS2_PLACEMENT_3D ( 'NONE', #2848, #980, #2834 ) ;
#691 = EDGE_LOOP ( 'NONE', ( #2893, #778 ) ) ;
#692 = DIRECTION ( 'NONE',  ( -0.000000000000000000, -0.000000000000000000, 1.000000000000000000 ) ) ;
#693 = FACE_OUTER_BOUND ( 'NONE', #1818, .T. ) ;
#694 = CARTESIAN_POINT ( 'NONE',  ( 44.99999999999998579, 110.0000000000000142, 25.00000000000000000 ) ) ;
#695 = CARTESIAN_POINT ( 'NONE',  ( 95.00000000000000000, 325.0762991269879194, 16.50000000000000355 ) ) ;
#696 = ADVANCED_FACE ( 'NONE', ( #1282 ), #826, .F. ) ;
#697 = DIRECTION ( 'NONE',  ( 0.000000000000000000, 0.000000000000000000, -1.000000000000000000 ) ) ;
#698 = EDGE_LOOP ( 'NONE', ( #24, #2082, #2022, #632, #2988 ) ) ;
#699 = EDGE_LOOP ( 'NONE', ( #1204, #1683, #1911, #2009, #2836, #1300, #165, #2626 ) ) ;
#700 = ORIENTED_EDGE ( 'NONE', *, *, #2459, .F. ) ;
#701 = EDGE_CURVE ( 'NONE', #2615, #2648, #1770, .T. ) ;
#702 = ORIENTED_EDGE ( 'NONE', *, *, #785, .F. ) ;
#703 = CARTESIAN_POINT ( 'NONE',  ( 0.000000000000000000, 0.000000000000000000, 11.00000000000000000 ) ) ;
#704 = AXIS2_PLACEMENT_3D ( 'NONE', #1853, #2326, #721 ) ;
#705 = DIRECTION ( 'NONE',  ( -1.000000000000000000, 0.000000000000000000, 0.000000000000000000 ) ) ;
#706 = AXIS2_PLACEMENT_3D ( 'NONE', #1289, #1505, #2227 ) ;
#707 = LINE ( 'NONE', #3004, #738 ) ;
#708 = CARTESIAN_POINT ( 'NONE',  ( 41.99999999999997868, 170.0000000000000000, 5.000000000000000888 ) ) ;
#709 = AXIS2_PLACEMENT_3D ( 'NONE', #1787, #2983, #884 ) ;
#710 = AXIS2_PLACEMENT_3D ( 'NONE', #2865, #1885, #2819 ) ;
#711 = CARTESIAN_POINT ( 'NONE',  ( 17.00000000000000000, 360.0000000000000000, 25.00000000000000000 ) ) ;
#712 = EDGE_CURVE ( 'NONE', #2856, #1897, #2481, .T. ) ;
#713 = VERTEX_POINT ( 'NONE', #1756 ) ;
#714 = DIRECTION ( 'NONE',  ( -0.000000000000000000, -0.000000000000000000, 1.000000000000000000 ) ) ;
#715 = AXIS2_PLACEMENT_3D ( 'NONE', #602, #1225, #1718 ) ;
#716 = EDGE_LOOP ( 'NONE', ( #2024, #209 ) ) ;
#717 = VERTEX_POINT ( 'NONE', #2692 ) ;
#718 = CYLINDRICAL_SURFACE ( 'NONE', #2094, 2.000000000000001776 ) ;
#719 = EDGE_CURVE ( 'NONE', #2166, #1612, #374, .T. ) ;
#720 = VECTOR ( 'NONE', #188, 1000.000000000000000 ) ;
#721 = DIRECTION ( 'NONE',  ( -1.000000000000000000, 0.000000000000000000, 0.000000000000000000 ) ) ;
#722 = CARTESIAN_POINT ( 'NONE',  ( 75.00000000000000000, 380.0762991269879194, 9.000000000000000000 ) ) ;
#723 = VECTOR ( 'NONE', #191, 1000.000000000000000 ) ;
#724 = DIRECTION ( 'NONE',  ( 0.000000000000000000, 0.000000000000000000, 1.000000000000000000 ) ) ;
#725 = EDGE_CURVE ( 'NONE', #1567, #3013, #1990, .T. ) ;
#726 = ORIENTED_EDGE ( 'NONE', *, *, #821, .F. ) ;
#727 = AXIS2_PLACEMENT_3D ( 'NONE', #2845, #1700, #1946 ) ;
#728 = CARTESIAN_POINT ( 'NONE',  ( 3.000000000000003553, 260.0000000000000000, 25.00000000000000000 ) ) ;
#729 = CALENDAR_DATE ( 2024, 8, 10 ) ;
#730 = CARTESIAN_POINT ( 'NONE',  ( 204.9999999999999716, 170.0000000000000000, 25.00000000000000000 ) ) ;
#731 = EDGE_CURVE ( 'NONE', #1804, #955, #1801, .T. ) ;
#732 = ORIENTED_EDGE ( 'NONE', *, *, #1502, .T. ) ;
#733 = CARTESIAN_POINT ( 'NONE',  ( 237.0000000000000000, 12.50000000000000000, 11.00000000000000000 ) ) ;
#734 = VECTOR ( 'NONE', #1888, 1000.000000000000000 ) ;
#735 = ORIENTED_EDGE ( 'NONE', *, *, #625, .F. ) ;
#736 = ORIENTED_EDGE ( 'NONE', *, *, #1658, .F. ) ;
#737 = DIRECTION ( 'NONE',  ( 0.000000000000000000, -1.000000000000000000, 0.000000000000000000 ) ) ;
#738 = VECTOR ( 'NONE', #892, 1000.000000000000000 ) ;
#739 = DIRECTION ( 'NONE',  ( -0.000000000000000000, -0.000000000000000000, -1.000000000000000000 ) ) ;
#740 = CARTESIAN_POINT ( 'NONE',  ( 155.0000000000000000, 325.0762991269879194, 12.50000000000000355 ) ) ;
#741 = DIRECTION ( 'NONE',  ( 0.000000000000000000, 0.000000000000000000, 1.000000000000000000 ) ) ;
#742 = EDGE_LOOP ( 'NONE', ( #2726, #397, #2349, #1201, #2757 ) ) ;
#743 = EDGE_CURVE ( 'NONE', #2615, #1432, #1381, .T. ) ;
#744 = DIRECTION ( 'NONE',  ( -1.000000000000000000, 0.000000000000000000, -4.956352788505159323E-16 ) ) ;
#745 = CARTESIAN_POINT ( 'NONE',  ( 44.99999999999998579, 170.0000000000000000, 5.000000000000000888 ) ) ;
#746 = DIRECTION ( 'NONE',  ( -1.000000000000000000, 0.000000000000000000, 0.000000000000000000 ) ) ;
#747 = EDGE_LOOP ( 'NONE', ( #902, #2322 ) ) ;
#748 = CARTESIAN_POINT ( 'NONE',  ( 0.000000000000000000, 0.000000000000000000, 12.00000000000000000 ) ) ;
#749 = VERTEX_POINT ( 'NONE', #937 ) ;
#750 = ORIENTED_EDGE ( 'NONE', *, *, #1780, .T. ) ;
#751 = ADVANCED_FACE ( 'NONE', ( #1620 ), #193, .T. ) ;
#752 = FACE_OUTER_BOUND ( 'NONE', #2337, .T. ) ;
#753 = CYLINDRICAL_SURFACE ( 'NONE', #804, 1.500000000000001332 ) ;
#754 = ADVANCED_FACE ( 'NONE', ( #2316 ), #1870, .F. ) ;
#755 = FACE_BOUND ( 'NONE', #2036, .T. ) ;
#756 = CARTESIAN_POINT ( 'NONE',  ( 21.67471647004093427, 325.0762991269879194, 12.00000000000000000 ) ) ;
#757 = ORIENTED_EDGE ( 'NONE', *, *, #142, .T. ) ;
#758 = AXIS2_PLACEMENT_3D ( 'NONE', #67, #2613, #312 ) ;
#759 = CARTESIAN_POINT ( 'NONE',  ( 151.3638420405932266, 160.0762991269880047, 12.00000000000000178 ) ) ;
#760 = CARTESIAN_POINT ( 'NONE',  ( 75.00000000000000000, 0.07629912698803309468, 25.00000000000000000 ) ) ;
#761 = ADVANCED_FACE ( 'NONE', ( #2995 ), #449, .F. ) ;
#762 = CARTESIAN_POINT ( 'NONE',  ( 204.9999999999999716, 170.0000000000000000, 25.00000000000000000 ) ) ;
#763 = ORIENTED_EDGE ( 'NONE', *, *, #1631, .F. ) ;
#764 = DIRECTION ( 'NONE',  ( -1.000000000000000000, 0.000000000000000000, 0.000000000000000000 ) ) ;
#765 = VERTEX_POINT ( 'NONE', #204 ) ;
#766 = EDGE_LOOP ( 'NONE', ( #29, #1134, #1517, #648 ) ) ;
#767 = LINE ( 'NONE', #501, #871 ) ;
#768 = DIRECTION ( 'NONE',  ( 1.000000000000000000, 0.000000000000000000, 0.000000000000000000 ) ) ;
#769 = VECTOR ( 'NONE', #852, 1000.000000000000000 ) ;
#770 = FACE_BOUND ( 'NONE', #887, .T. ) ;
#771 = CARTESIAN_POINT ( 'NONE',  ( 0.6138420405932265567, 380.0762991269879194, 0.000000000000000000 ) ) ;
#772 = ORIENTED_EDGE ( 'NONE', *, *, #1060, .T. ) ;
#773 = ADVANCED_FACE ( 'NONE', ( #1843 ), #1632, .T. ) ;
#774 = VECTOR ( 'NONE', #2548, 1000.000000000000000 ) ;
#775 = CARTESIAN_POINT ( 'NONE',  ( 243.5000000000000000, 225.0000000000000000, 25.00000000000000000 ) ) ;
#776 = DIRECTION ( 'NONE',  ( -0.000000000000000000, -0.000000000000000000, 1.000000000000000000 ) ) ;
#777 = CIRCLE ( 'NONE', #1162, 1.500000000000001332 ) ;
#778 = ORIENTED_EDGE ( 'NONE', *, *, #2863, .F. ) ;
#779 = CARTESIAN_POINT ( 'NONE',  ( 175.0000000000000000, 0.07629912698803309468, 25.00000000000000000 ) ) ;
#780 = ORIENTED_EDGE ( 'NONE', *, *, #908, .T. ) ;
#781 = CARTESIAN_POINT ( 'NONE',  ( 95.86384204059322656, 160.0762991269880047, 12.00000000000000178 ) ) ;
#782 = ORIENTED_EDGE ( 'NONE', *, *, #1588, .T. ) ;
#783 = EDGE_LOOP ( 'NONE', ( #2127, #1581 ) ) ;
#784 = CARTESIAN_POINT ( 'NONE',  ( 24.99999999999999289, 325.0762991269879194, 12.49999999999999645 ) ) ;
#785 = EDGE_CURVE ( 'NONE', #1235, #833, #338, .T. ) ;
#786 = AXIS2_PLACEMENT_3D ( 'NONE', #3008, #1815, #643 ) ;
#787 = CARTESIAN_POINT ( 'NONE',  ( 44.99999999999998579, 110.0000000000000142, 25.00000000000000000 ) ) ;
#788 = PLANE ( 'NONE',  #613 ) ;
#789 = FACE_BOUND ( 'NONE', #38, .T. ) ;
#790 = DIRECTION ( 'NONE',  ( -1.000000000000000000, 0.000000000000000000, 0.000000000000000000 ) ) ;
#791 = EDGE_CURVE ( 'NONE', #1360, #2067, #2497, .T. ) ;
#792 = DIRECTION ( 'NONE',  ( 1.000000000000000000, 0.000000000000000000, 0.000000000000000000 ) ) ;
#793 = DIRECTION ( 'NONE',  ( 0.000000000000000000, 1.000000000000000000, -0.000000000000000000 ) ) ;
#794 = DIRECTION ( 'NONE',  ( -0.000000000000000000, -0.000000000000000000, -1.000000000000000000 ) ) ;
#795 = EDGE_LOOP ( 'NONE', ( #2128, #2333, #1055, #888 ) ) ;
#796 = ORIENTED_EDGE ( 'NONE', *, *, #2540, .F. ) ;
#797 = DIRECTION ( 'NONE',  ( -0.000000000000000000, -0.000000000000000000, 1.000000000000000000 ) ) ;
#798 = ORIENTED_EDGE ( 'NONE', *, *, #712, .T. ) ;
#799 = CARTESIAN_POINT ( 'NONE',  ( 55.00000000000000000, 0.07629912698803309468, 18.00000000000000000 ) ) ;
#800 = ORIENTED_EDGE ( 'NONE', *, *, #1477, .F. ) ;
#801 = CARTESIAN_POINT ( 'NONE',  ( 245.0000000000000000, 285.0000000000000000, 12.00000000000000000 ) ) ;
#802 = CARTESIAN_POINT ( 'NONE',  ( 0.6138420405932265567, 0.07629912698803309468, 0.000000000000000000 ) ) ;
#803 = DIRECTION ( 'NONE',  ( -1.000000000000000000, 0.000000000000000000, 0.000000000000000000 ) ) ;
#804 = AXIS2_PLACEMENT_3D ( 'NONE', #1454, #739, #1164 ) ;
#805 = DIRECTION ( 'NONE',  ( 1.000000000000000000, 0.000000000000000000, 0.000000000000000000 ) ) ;
#806 = ADVANCED_FACE ( 'NONE', ( #909 ), #2560, .F. ) ;
#807 = DIRECTION ( 'NONE',  ( -0.000000000000000000, -0.000000000000000000, -1.000000000000000000 ) ) ;
#808 = AXIS2_PLACEMENT_3D ( 'NONE', #1498, #2874, #53 ) ;
#809 = CARTESIAN_POINT ( 'NONE',  ( -0.000000000000000000, 0.07629912698803309468, 0.000000000000000000 ) ) ;
#810 = CARTESIAN_POINT ( 'NONE',  ( 3.999999999999998224, 12.50000000000000000, 11.00000000000000000 ) ) ;
#811 = ADVANCED_FACE ( 'NONE', ( #2782 ), #1154, .F. ) ;
#812 = CIRCLE ( 'NONE', #710, 2.000000000000001776 ) ;
#813 = EDGE_LOOP ( 'NONE', ( #60, #2553 ) ) ;
#814 = ORIENTED_EDGE ( 'NONE', *, *, #2603, .F. ) ;
#815 = DIRECTION ( 'NONE',  ( 0.000000000000000000, 0.000000000000000000, 1.000000000000000000 ) ) ;
#816 = CARTESIAN_POINT ( 'NONE',  ( 245.0000000000000000, 165.0000000000000000, 25.00000000000000000 ) ) ;
#817 = DIRECTION ( 'NONE',  ( -1.000000000000000000, 0.000000000000000000, 0.000000000000000000 ) ) ;
#818 = CARTESIAN_POINT ( 'NONE',  ( 89.00000000000002842, 280.0000000000000000, 12.00000000000000000 ) ) ;
#819 = CIRCLE ( 'NONE', #1203, 3.000000000000002665 ) ;
#820 = DIRECTION ( 'NONE',  ( -1.000000000000000000, 0.000000000000000000, 0.000000000000000000 ) ) ;
#821 = EDGE_CURVE ( 'NONE', #1302, #2754, #175, .T. ) ;
#822 = CARTESIAN_POINT ( 'NONE',  ( 112.9999999999999858, 280.0000000000000000, 25.00000000000000000 ) ) ;
#823 = DIRECTION ( 'NONE',  ( 4.956352788505159323E-16, 0.000000000000000000, -1.000000000000000000 ) ) ;
#824 = VECTOR ( 'NONE', #274, 1000.000000000000000 ) ;
#825 = AXIS2_PLACEMENT_3D ( 'NONE', #1309, #1293, #2203 ) ;
#826 = PLANE ( 'NONE',  #1697 ) ;
#827 = CIRCLE ( 'NONE', #2781, 2.000000000000003553 ) ;
#828 = VERTEX_POINT ( 'NONE', #2550 ) ;
#829 = EDGE_CURVE ( 'NONE', #2120, #411, #1858, .T. ) ;
#830 = ORIENTED_EDGE ( 'NONE', *, *, #3025, .F. ) ;
#831 = VERTEX_POINT ( 'NONE', #420 ) ;
#832 = CARTESIAN_POINT ( 'NONE',  ( 201.9999999999999432, 109.9999999999999858, 5.000000000000000888 ) ) ;
#833 = VERTEX_POINT ( 'NONE', #2330 ) ;
#834 = CARTESIAN_POINT ( 'NONE',  ( 243.5000000000000000, 345.0000000000000000, 25.00000000000000000 ) ) ;
#835 = DIRECTION ( 'NONE',  ( -0.000000000000000000, -0.000000000000000000, -1.000000000000000000 ) ) ;
#836 = CARTESIAN_POINT ( 'NONE',  ( 6.999999999999995559, 12.50000000000000000, 0.000000000000000000 ) ) ;
#837 = DIRECTION ( 'NONE',  ( 0.000000000000000000, 1.000000000000000000, -0.000000000000000000 ) ) ;
#838 = LINE ( 'NONE', #1513, #1400 ) ;
#839 = EDGE_CURVE ( 'NONE', #1119, #1503, #235, .T. ) ;
#840 = CARTESIAN_POINT ( 'NONE',  ( 22.00000000000000000, 12.50000000000000178, 25.00000000000000000 ) ) ;
#841 = MECHANICAL_CONTEXT ( 'NONE', #1396, 'mechanical' ) ;
#842 = ORIENTED_EDGE ( 'NONE', *, *, #2991, .F. ) ;
#843 = ORIENTED_EDGE ( 'NONE', *, *, #2121, .T. ) ;
#844 = ORIENTED_EDGE ( 'NONE', *, *, #1228, .T. ) ;
#845 = CARTESIAN_POINT ( 'NONE',  ( 236.4561623725988966, 3.512394710978418821, 24.96012831811289701 ) ) ;
#846 = CARTESIAN_POINT ( 'NONE',  ( 0.000000000000000000, 325.0762991269879194, 0.000000000000000000 ) ) ;
#847 = CARTESIAN_POINT ( 'NONE',  ( 0.000000000000000000, 0.000000000000000000, 5.000000000000000000 ) ) ;
#848 = CARTESIAN_POINT ( 'NONE',  ( 243.5000000000000000, 165.0000000000000000, 25.00000000000000000 ) ) ;
#849 = EDGE_CURVE ( 'NONE', #1613, #393, #2106, .T. ) ;
#850 = DIRECTION ( 'NONE',  ( -0.000000000000000000, -0.000000000000000000, -1.000000000000000000 ) ) ;
#851 = CARTESIAN_POINT ( 'NONE',  ( 15.00000000000000000, 360.0000000000000000, 25.00000000000000000 ) ) ;
#852 = DIRECTION ( 'NONE',  ( 0.000000000000000000, 0.000000000000000000, 1.000000000000000000 ) ) ;
#853 = ORIENTED_EDGE ( 'NONE', *, *, #259, .F. ) ;
#854 = AXIS2_PLACEMENT_3D ( 'NONE', #2199, #2960, #1306 ) ;
#855 = ORIENTED_EDGE ( 'NONE', *, *, #2576, .F. ) ;
#856 = CC_DESIGN_APPROVAL ( #352, ( #583 ) ) ;
#857 = AXIS2_PLACEMENT_3D ( 'NONE', #256, #1194, #2133 ) ;
#858 = ORIENTED_EDGE ( 'NONE', *, *, #1827, .T. ) ;
#859 = CARTESIAN_POINT ( 'NONE',  ( 233.8312047080920877, 4.076299126988033095, 25.00000000000000000 ) ) ;
#860 = ORIENTED_EDGE ( 'NONE', *, *, #1984, .F. ) ;
#861 = FACE_OUTER_BOUND ( 'NONE', #1284, .T. ) ;
#862 = CARTESIAN_POINT ( 'NONE',  ( 245.0000000000000000, 285.0000000000000000, 25.00000000000000000 ) ) ;
#863 = CARTESIAN_POINT ( 'NONE',  ( 246.5000000000000284, 285.0000000000000000, 25.00000000000000000 ) ) ;
#864 = DIRECTION ( 'NONE',  ( 1.000000000000000000, 0.000000000000000000, 0.000000000000000000 ) ) ;
#865 = EDGE_CURVE ( 'NONE', #2097, #1730, #1414, .T. ) ;
#866 = DIRECTION ( 'NONE',  ( 1.000000000000000000, 0.000000000000000000, 0.000000000000000000 ) ) ;
#867 = CIRCLE ( 'NONE', #2437, 2.000000000000000888 ) ;
#868 = PERSON_AND_ORGANIZATION ( #2, #1439 ) ;
#869 = EDGE_LOOP ( 'NONE', ( #1684, #1863, #990, #1633 ) ) ;
#870 = VECTOR ( 'NONE', #2119, 1000.000000000000000 ) ;
#871 = VECTOR ( 'NONE', #1930, 1000.000000000000000 ) ;
#872 = ORIENTED_EDGE ( 'NONE', *, *, #1619, .F. ) ;
#873 = ORIENTED_EDGE ( 'NONE', *, *, #2574, .T. ) ;
#874 = CARTESIAN_POINT ( 'NONE',  ( 0.000000000000000000, 380.0762991269879194, 18.00000000000000000 ) ) ;
#875 = ORIENTED_EDGE ( 'NONE', *, *, #2493, .T. ) ;
#876 = CARTESIAN_POINT ( 'NONE',  ( 161.0000000000000284, 280.0000000000000000, 25.00000000000000000 ) ) ;
#877 = DIRECTION ( 'NONE',  ( 0.000000000000000000, 0.000000000000000000, 1.000000000000000000 ) ) ;
#878 = CARTESIAN_POINT ( 'NONE',  ( 19.00000000000002842, 12.50000000000000000, 11.00000000000000000 ) ) ;
#879 = LINE ( 'NONE', #640, #723 ) ;
#880 = AXIS2_PLACEMENT_3D ( 'NONE', #2233, #2461, #355 ) ;
#881 = ADVANCED_FACE ( 'NONE', ( #2294 ), #2767, .F. ) ;
#882 = DIRECTION ( 'NONE',  ( 0.000000000000000000, 0.000000000000000000, 1.000000000000000000 ) ) ;
#883 = CIRCLE ( 'NONE', #1371, 1.500000000000029088 ) ;
#884 = DIRECTION ( 'NONE',  ( 0.000000000000000000, 0.000000000000000000, 1.000000000000000000 ) ) ;
#885 = ORIENTED_EDGE ( 'NONE', *, *, #448, .T. ) ;
#886 = EDGE_LOOP ( 'NONE', ( #2784, #2541, #549, #1728, #131, #1345, #1831, #2111, #2078, #1418, #2841, #311, #1466, #1992, #2665, #1286, #367, #2068, #2110, #568 ) ) ;
#887 = EDGE_LOOP ( 'NONE', ( #364, #2081 ) ) ;
#888 = ORIENTED_EDGE ( 'NONE', *, *, #1136, .T. ) ;
#889 = DIRECTION ( 'NONE',  ( -0.000000000000000000, -0.000000000000000000, -1.000000000000000000 ) ) ;
#890 = FACE_OUTER_BOUND ( 'NONE', #1862, .T. ) ;
#891 = DIRECTION ( 'NONE',  ( 0.000000000000000000, 0.000000000000000000, 1.000000000000000000 ) ) ;
#892 = DIRECTION ( 'NONE',  ( 0.000000000000000000, 0.000000000000000000, 1.000000000000000000 ) ) ;
#893 = DIRECTION ( 'NONE',  ( -0.000000000000000000, -0.000000000000000000, -1.000000000000000000 ) ) ;
#894 = CC_DESIGN_PERSON_AND_ORGANIZATION_ASSIGNMENT ( #436, #2768, ( #218 ) ) ;
#895 = DIRECTION ( 'NONE',  ( 0.000000000000000000, 0.000000000000000000, 1.000000000000000000 ) ) ;
#896 = CALENDAR_DATE ( 2024, 8, 10 ) ;
#897 = ORIENTED_EDGE ( 'NONE', *, *, #2244, .T. ) ;
#898 = ADVANCED_FACE ( 'NONE', ( #2624 ), #1198, .F. ) ;
#899 = ORIENTED_EDGE ( 'NONE', *, *, #1800, .T. ) ;
#900 = AXIS2_PLACEMENT_3D ( 'NONE', #2188, #794, #2450 ) ;
#901 = ORIENTED_EDGE ( 'NONE', *, *, #969, .T. ) ;
#902 = ORIENTED_EDGE ( 'NONE', *, *, #2385, .F. ) ;
#903 = LINE ( 'NONE', #2774, #681 ) ;
#904 = APPROVAL_PERSON_ORGANIZATION ( #1398, #2170, #1170 ) ;
#905 = CARTESIAN_POINT ( 'NONE',  ( 17.00000000000001421, 260.0000000000000000, 25.00000000000000000 ) ) ;
#906 = CARTESIAN_POINT ( 'NONE',  ( 204.9999999999999716, 109.9999999999999858, 25.00000000000000000 ) ) ;
#907 = CARTESIAN_POINT ( 'NONE',  ( 5.000000000000007105, 360.0000000000000000, 25.00000000000000000 ) ) ;
#908 = EDGE_CURVE ( 'NONE', #1219, #1989, #2396, .T. ) ;
#909 = FACE_OUTER_BOUND ( 'NONE', #182, .T. ) ;
#910 = COORDINATED_UNIVERSAL_TIME_OFFSET ( 8, 0, .AHEAD. ) ;
#911 = ORIENTED_EDGE ( 'NONE', *, *, #545, .F. ) ;
#912 = AXIS2_PLACEMENT_3D ( 'NONE', #1341, #2075, #882 ) ;
#913 = VERTEX_POINT ( 'NONE', #17 ) ;
#914 = ORIENTED_EDGE ( 'NONE', *, *, #641, .T. ) ;
#915 = EDGE_LOOP ( 'NONE', ( #410, #1445 ) ) ;
#916 = ADVANCED_FACE ( 'NONE', ( #1661 ), #2359, .T. ) ;
#917 = CARTESIAN_POINT ( 'NONE',  ( 250.6138420405932266, 380.0762991269879194, 0.000000000000000000 ) ) ;
#918 = AXIS2_PLACEMENT_3D ( 'NONE', #1452, #268, #1223 ) ;
#919 = DIRECTION ( 'NONE',  ( 0.000000000000000000, -0.000000000000000000, 1.000000000000000000 ) ) ;
#920 = AXIS2_PLACEMENT_3D ( 'NONE', #384, #2975, #1749 ) ;
#921 = FACE_OUTER_BOUND ( 'NONE', #1963, .T. ) ;
#922 = PLANE ( 'NONE',  #1509 ) ;
#923 = DIRECTION ( 'NONE',  ( 0.000000000000000000, 0.000000000000000000, 1.000000000000000000 ) ) ;
#924 = AXIS2_PLACEMENT_3D ( 'NONE', #851, #158, #326 ) ;
#925 = ADVANCED_FACE ( 'NONE', ( #291 ), #2376, .F. ) ;
#926 = EDGE_LOOP ( 'NONE', ( #347, #497, #377, #470 ) ) ;
#927 = VERTEX_POINT ( 'NONE', #63 ) ;
#928 = EDGE_LOOP ( 'NONE', ( #299, #1213 ) ) ;
#929 = AXIS2_PLACEMENT_3D ( 'NONE', #1933, #1918, #521 ) ;
#930 = ORIENTED_EDGE ( 'NONE', *, *, #2773, .T. ) ;
#931 = CARTESIAN_POINT ( 'NONE',  ( 5.000000000000007105, 360.0000000000000000, 25.00000000000000000 ) ) ;
#932 = EDGE_CURVE ( 'NONE', #1773, #199, #526, .T. ) ;
#933 = LINE ( 'NONE', #2571, #1977 ) ;
#934 = DIRECTION ( 'NONE',  ( -0.000000000000000000, -0.000000000000000000, -1.000000000000000000 ) ) ;
#935 = PLANE ( 'NONE',  #475 ) ;
#936 = EDGE_CURVE ( 'NONE', #971, #2744, #1693, .T. ) ;
#937 = CARTESIAN_POINT ( 'NONE',  ( 41.99999999999997868, 110.0000000000000142, 25.00000000000000000 ) ) ;
#938 = PERSON_AND_ORGANIZATION ( #2, #1439 ) ;
#939 = ORIENTED_EDGE ( 'NONE', *, *, #76, .T. ) ;
#940 = ORIENTED_EDGE ( 'NONE', *, *, #528, .T. ) ;
#941 = PLANE ( 'NONE',  #2076 ) ;
#942 = VERTEX_POINT ( 'NONE', #1000 ) ;
#943 = EDGE_LOOP ( 'NONE', ( #2598, #2609 ) ) ;
#944 = DIRECTION ( 'NONE',  ( 1.000000000000000000, 0.000000000000000000, 0.000000000000000000 ) ) ;
#945 = EDGE_CURVE ( 'NONE', #1027, #2253, #2586, .T. ) ;
#946 = DIRECTION ( 'NONE',  ( 1.000000000000000000, 0.000000000000000000, 0.000000000000000000 ) ) ;
#947 = EDGE_CURVE ( 'NONE', #1551, #1316, #260, .T. ) ;
#948 = DIRECTION ( 'NONE',  ( -0.000000000000000000, -0.000000000000000000, -1.000000000000000000 ) ) ;
#949 = AXIS2_PLACEMENT_3D ( 'NONE', #2716, #2261, #386 ) ;
#950 = FACE_OUTER_BOUND ( 'NONE', #1038, .T. ) ;
#951 = ORIENTED_EDGE ( 'NONE', *, *, #2046, .T. ) ;
#952 = AXIS2_PLACEMENT_3D ( 'NONE', #1125, #2915, #2475 ) ;
#953 = CARTESIAN_POINT ( 'NONE',  ( 75.00000000000000000, -35.92370087301227954, 9.000000000000000000 ) ) ;
#954 = DIRECTION ( 'NONE',  ( 1.000000000000000000, 0.000000000000000000, 0.000000000000000000 ) ) ;
#955 = VERTEX_POINT ( 'NONE', #1216 ) ;
#956 = DIRECTION ( 'NONE',  ( 0.000000000000000000, 0.000000000000000000, 1.000000000000000000 ) ) ;
#957 = CIRCLE ( 'NONE', #2137, 2.000000000000001776 ) ;
#958 = ORIENTED_EDGE ( 'NONE', *, *, #2506, .T. ) ;
#959 = ORIENTED_EDGE ( 'NONE', *, *, #1021, .F. ) ;
#960 = CARTESIAN_POINT ( 'NONE',  ( 237.0000000000000000, 12.50000000000000000, 11.00000000000000000 ) ) ;
#961 = AXIS2_PLACEMENT_3D ( 'NONE', #2674, #1769, #2447 ) ;
#962 = LINE ( 'NONE', #2131, #2904 ) ;
#963 = FACE_OUTER_BOUND ( 'NONE', #1654, .T. ) ;
#964 = VECTOR ( 'NONE', #2303, 1000.000000000000000 ) ;
#965 = FACE_OUTER_BOUND ( 'NONE', #486, .T. ) ;
#966 = ORIENTED_EDGE ( 'NONE', *, *, #1098, .T. ) ;
#967 = AXIS2_PLACEMENT_3D ( 'NONE', #1263, #306, #2623 ) ;
#968 = DIRECTION ( 'NONE',  ( -0.000000000000000000, -0.000000000000000000, -1.000000000000000000 ) ) ;
#969 = EDGE_CURVE ( 'NONE', #2820, #1027, #2868, .T. ) ;
#970 = DIRECTION ( 'NONE',  ( -0.000000000000000000, 0.000000000000000000, 1.000000000000000000 ) ) ;
#971 = VERTEX_POINT ( 'NONE', #80 ) ;
#972 = CARTESIAN_POINT ( 'NONE',  ( 137.0000000000000000, 280.0000000000000000, 25.00000000000000000 ) ) ;
#973 = AXIS2_PLACEMENT_3D ( 'NONE', #479, #1413, #2852 ) ;
#974 = EDGE_CURVE ( 'NONE', #2067, #1360, #1079, .T. ) ;
#975 = ORIENTED_EDGE ( 'NONE', *, *, #3011, .F. ) ;
#976 = VERTEX_POINT ( 'NONE', #308 ) ;
#977 = CARTESIAN_POINT ( 'NONE',  ( 99.86384204059322656, 160.0762991269880047, 25.00000000000000000 ) ) ;
#978 = AXIS2_PLACEMENT_3D ( 'NONE', #847, #1524, #1764 ) ;
#979 = DIRECTION ( 'NONE',  ( 0.000000000000000000, 0.000000000000000000, 1.000000000000000000 ) ) ;
#980 = DIRECTION ( 'NONE',  ( -0.000000000000000000, 0.000000000000000000, 1.000000000000000000 ) ) ;
#981 = FACE_OUTER_BOUND ( 'NONE', #647, .T. ) ;
#982 = ORIENTED_EDGE ( 'NONE', *, *, #2773, .F. ) ;
#983 = LINE ( 'NONE', #79, #1455 ) ;
#984 = CARTESIAN_POINT ( 'NONE',  ( 95.86384204059322656, 160.0762991269880047, 25.00000000000000000 ) ) ;
#985 = ADVANCED_FACE ( 'NONE', ( #30 ), #544, .F. ) ;
#986 = DIRECTION ( 'NONE',  ( 0.000000000000000000, -0.000000000000000000, 1.000000000000000000 ) ) ;
#987 = ORIENTED_EDGE ( 'NONE', *, *, #2272, .F. ) ;
#988 = CARTESIAN_POINT ( 'NONE',  ( 245.0000000000000000, 345.0000000000000000, 25.00000000000000000 ) ) ;
#989 = ORIENTED_EDGE ( 'NONE', *, *, #3025, .T. ) ;
#990 = ORIENTED_EDGE ( 'NONE', *, *, #2853, .T. ) ;
#991 = CARTESIAN_POINT ( 'NONE',  ( 17.00000000000001421, 260.0000000000000000, 12.00000000000000000 ) ) ;
#992 = EDGE_CURVE ( 'NONE', #532, #1302, #2342, .T. ) ;
#993 = PLANE ( 'NONE',  #163 ) ;
#994 = CARTESIAN_POINT ( 'NONE',  ( 71.50000000000000000, -35.92370087301227954, 9.000000000000000000 ) ) ;
#995 = DIRECTION ( 'NONE',  ( 0.000000000000000000, 0.000000000000000000, -1.000000000000000000 ) ) ;
#996 = ORIENTED_EDGE ( 'NONE', *, *, #159, .T. ) ;
#997 = CIRCLE ( 'NONE', #1266, 3.999999999999993339 ) ;
#998 = VECTOR ( 'NONE', #156, 1000.000000000000000 ) ;
#999 = LINE ( 'NONE', #759, #2489 ) ;
#1000 = CARTESIAN_POINT ( 'NONE',  ( 87.50000000000002842, 280.0000000000000000, 25.00000000000000000 ) ) ;
#1001 = CIRCLE ( 'NONE', #2231, 2.000000000000000888 ) ;
#1002 = VECTOR ( 'NONE', #850, 1000.000000000000000 ) ;
#1003 = EDGE_CURVE ( 'NONE', #1229, #1974, #2807, .T. ) ;
#1004 = DESIGN_CONTEXT ( 'detailed design', #2590, 'design' ) ;
#1005 = LINE ( 'NONE', #779, #2182 ) ;
#1006 = ORIENTED_EDGE ( 'NONE', *, *, #829, .F. ) ;
#1007 = FACE_OUTER_BOUND ( 'NONE', #1845, .T. ) ;
#1008 = ORIENTED_EDGE ( 'NONE', *, *, #2419, .F. ) ;
#1009 = VERTEX_POINT ( 'NONE', #2608 ) ;
#1010 = CARTESIAN_POINT ( 'NONE',  ( 47.99999999999998579, 110.0000000000000142, 5.000000000000000888 ) ) ;
#1011 = FACE_OUTER_BOUND ( 'NONE', #412, .T. ) ;
#1012 = DIRECTION ( 'NONE',  ( 1.000000000000000000, 0.000000000000000000, 0.000000000000000000 ) ) ;
#1013 = CARTESIAN_POINT ( 'NONE',  ( 191.5000000000000000, 0.07629912698803309468, 0.000000000000000000 ) ) ;
#1014 = CARTESIAN_POINT ( 'NONE',  ( 89.00000000000002842, 280.0000000000000000, 25.00000000000000000 ) ) ;
#1015 = AXIS2_PLACEMENT_3D ( 'NONE', #1616, #2917, #1755 ) ;
#1016 = AXIS2_PLACEMENT_3D ( 'NONE', #1034, #837, #1264 ) ;
#1017 = DIRECTION ( 'NONE',  ( 1.000000000000000000, -0.000000000000000000, 0.000000000000000000 ) ) ;
#1018 = CARTESIAN_POINT ( 'NONE',  ( 0.000000000000000000, 0.000000000000000000, 5.000000000000000000 ) ) ;
#1019 = AXIS2_PLACEMENT_3D ( 'NONE', #1161, #2800, #1364 ) ;
#1020 = DIRECTION ( 'NONE',  ( 1.000000000000000000, 0.000000000000000000, 0.000000000000000000 ) ) ;
#1021 = EDGE_CURVE ( 'NONE', #971, #1864, #2577, .T. ) ;
#1022 = CARTESIAN_POINT ( 'NONE',  ( 0.000000000000000000, 380.0762991269879194, 25.00000000000000000 ) ) ;
#1023 = EDGE_LOOP ( 'NONE', ( #396, #2363, #104, #426 ) ) ;
#1024 = VERTEX_POINT ( 'NONE', #49 ) ;
#1025 = LINE ( 'NONE', #2387, #1799 ) ;
#1026 = AXIS2_PLACEMENT_3D ( 'NONE', #1476, #968, #1184 ) ;
#1027 = VERTEX_POINT ( 'NONE', #984 ) ;
#1028 = CARTESIAN_POINT ( 'NONE',  ( 5.000000000000007105, 360.0000000000000000, 25.00000000000000000 ) ) ;
#1029 = DIRECTION ( 'NONE',  ( -0.000000000000000000, -0.000000000000000000, -1.000000000000000000 ) ) ;
#1030 = DIRECTION ( 'NONE',  ( 1.000000000000000000, 0.000000000000000000, -0.000000000000000000 ) ) ;
#1031 = CC_DESIGN_DATE_AND_TIME_ASSIGNMENT ( #1372, #2594, ( #218 ) ) ;
#1032 = CARTESIAN_POINT ( 'NONE',  ( 22.00000000000000000, 12.50000000000000178, 25.00000000000000000 ) ) ;
#1033 = DIRECTION ( 'NONE',  ( -1.000000000000000000, 0.000000000000000000, 0.000000000000000000 ) ) ;
#1034 = CARTESIAN_POINT ( 'NONE',  ( 95.00000000000000000, 380.0762991269879194, 12.49999999999999645 ) ) ;
#1035 = EDGE_CURVE ( 'NONE', #2169, #1874, #195, .T. ) ;
#1036 = DIRECTION ( 'NONE',  ( 0.000000000000000000, 0.000000000000000000, 1.000000000000000000 ) ) ;
#1037 = LINE ( 'NONE', #2432, #216 ) ;
#1038 = EDGE_LOOP ( 'NONE', ( #2006, #2083 ) ) ;
#1039 = ORIENTED_EDGE ( 'NONE', *, *, #233, .F. ) ;
#1040 = FACE_OUTER_BOUND ( 'NONE', #3028, .T. ) ;
#1041 = ADVANCED_FACE ( 'NONE', ( #2347 ), #2822, .F. ) ;
#1042 = CARTESIAN_POINT ( 'NONE',  ( 237.0000000000000000, 12.50000000000000000, 11.00000000000000000 ) ) ;
#1043 = CYLINDRICAL_SURFACE ( 'NONE', #1070, 1.500000000000001332 ) ;
#1044 = CARTESIAN_POINT ( 'NONE',  ( 114.4999999999999858, 280.0000000000000000, 25.00000000000000000 ) ) ;
#1045 = LINE ( 'NONE', #1982, #2535 ) ;
#1046 = PLANE ( 'NONE',  #1998 ) ;
#1047 = VECTOR ( 'NONE', #1531, 1000.000000000000000 ) ;
#1048 = DIRECTION ( 'NONE',  ( 0.000000000000000000, 0.000000000000000000, 1.000000000000000000 ) ) ;
#1049 = ADVANCED_FACE ( 'NONE', ( #1753 ), #2263, .F. ) ;
#1050 = AXIS2_PLACEMENT_3D ( 'NONE', #483, #2350, #468 ) ;
#1051 = LINE ( 'NONE', #129, #1307 ) ;
#1052 = CARTESIAN_POINT ( 'NONE',  ( 191.5000000000000000, -35.92370087301227954, 9.000000000000000000 ) ) ;
#1053 = CIRCLE ( 'NONE', #172, 1.500000000000001332 ) ;
#1054 = ORIENTED_EDGE ( 'NONE', *, *, #2920, .T. ) ;
#1055 = ORIENTED_EDGE ( 'NONE', *, *, #821, .T. ) ;
#1056 = EDGE_LOOP ( 'NONE', ( #939, #2662, #246, #1555 ) ) ;
#1057 = CARTESIAN_POINT ( 'NONE',  ( 99.86384204059322656, 160.0762991269880047, 12.00000000000000178 ) ) ;
#1058 = LINE ( 'NONE', #1488, #2418 ) ;
#1059 = CARTESIAN_POINT ( 'NONE',  ( 245.0000000000000000, 165.0000000000000000, 25.00000000000000000 ) ) ;
#1060 = EDGE_CURVE ( 'NONE', #713, #1229, #2741, .T. ) ;
#1061 = CARTESIAN_POINT ( 'NONE',  ( 0.000000000000000000, 0.07629912698803309468, 25.00000000000000000 ) ) ;
#1062 = AXIS2_PLACEMENT_3D ( 'NONE', #1140, #435, #923 ) ;
#1063 = CARTESIAN_POINT ( 'NONE',  ( 89.00000000000002842, 280.0000000000000000, 25.00000000000000000 ) ) ;
#1064 = CARTESIAN_POINT ( 'NONE',  ( 225.0000000000000000, 325.0762991269879194, 12.49999999999999645 ) ) ;
#1065 = CARTESIAN_POINT ( 'NONE',  ( 178.5000000000000000, 0.07629912698803309468, 0.000000000000000000 ) ) ;
#1066 = CIRCLE ( 'NONE', #1997, 6.000000000000005329 ) ;
#1067 = FACE_OUTER_BOUND ( 'NONE', #1649, .T. ) ;
#1068 = EDGE_CURVE ( 'NONE', #566, #2754, #2639, .T. ) ;
#1069 = APPLICATION_PROTOCOL_DEFINITION ( 'international standard', 'config_control_design', 1994, #1396 ) ;
#1070 = AXIS2_PLACEMENT_3D ( 'NONE', #876, #2259, #154 ) ;
#1071 = CLOSED_SHELL ( 'NONE', ( #1171, #2886, #2409, #1742, #1124, #2765, #1871, #434, #2070, #1580, #2207, #373, #1921, #881, #207, #1969, #1199, #513, #72, #91, #1049, #405, #761, #985, #1461, #2622, #1330, #2348, #1806, #2013, #1514, #2751, #811, #2319, #402, #495, #2252, #2530, #2794, #2080, #1530, #1679, #2890, #1854, #1267, #1722, #687, #2801, #653, #2679, #1869, #155, #1442, #1833, #181, #1887, #2579, #1401, #2035, #344, #1891, #2346, #773, #1640, #925, #751, #754, #2846, #1812, #110, #488, #97, #2755, #1490, #1494, #429, #2872, #223, #1368, #2549, #1041, #84, #523, #2570, #1285, #2806, #1163, #456, #2737, #696, #2913, #1971, #898, #806, #645, #2103, #1344, #916, #2164, #1481, #2186, #1910 ) ) ;
#1072 = ORIENTED_EDGE ( 'NONE', *, *, #2449, .F. ) ;
#1073 = EDGE_CURVE ( 'NONE', #2551, #52, #1279, .T. ) ;
#1074 = ORIENTED_EDGE ( 'NONE', *, *, #5, .T. ) ;
#1075 = ORIENTED_EDGE ( 'NONE', *, *, #2272, .T. ) ;
#1076 = CARTESIAN_POINT ( 'NONE',  ( 234.8600359475276207, 3.741645027114117283, 24.98714924630598588 ) ) ;
#1077 = FACE_OUTER_BOUND ( 'NONE', #1670, .T. ) ;
#1078 = DIRECTION ( 'NONE',  ( 0.000000000000000000, 0.000000000000000000, 1.000000000000000000 ) ) ;
#1079 = CIRCLE ( 'NONE', #2102, 3.000000000000002665 ) ;
#1080 = DIRECTION ( 'NONE',  ( 1.000000000000000000, 0.000000000000000000, 0.000000000000000000 ) ) ;
#1081 = LINE ( 'NONE', #2518, #1621 ) ;
#1082 = CARTESIAN_POINT ( 'NONE',  ( 15.00000000000000000, 360.0000000000000000, 25.00000000000000000 ) ) ;
#1083 = VECTOR ( 'NONE', #3033, 1000.000000000000000 ) ;
#1084 = FACE_OUTER_BOUND ( 'NONE', #698, .T. ) ;
#1085 = CARTESIAN_POINT ( 'NONE',  ( 97.86384204059322656, 160.0762991269880047, 12.00000000000000178 ) ) ;
#1086 = EDGE_CURVE ( 'NONE', #21, #3029, #484, .T. ) ;
#1087 = ORIENTED_EDGE ( 'NONE', *, *, #1615, .T. ) ;
#1088 = VERTEX_POINT ( 'NONE', #577 ) ;
#1089 = ORIENTED_EDGE ( 'NONE', *, *, #936, .T. ) ;
#1090 = CARTESIAN_POINT ( 'NONE',  ( 240.1687952919078839, 4.076299126988033095, 25.00000000000000000 ) ) ;
#1091 = ORIENTED_EDGE ( 'NONE', *, *, #366, .T. ) ;
#1092 = EDGE_CURVE ( 'NONE', #511, #2297, #1270, .T. ) ;
#1093 = DIRECTION ( 'NONE',  ( -0.000000000000000000, -0.000000000000000000, -1.000000000000000000 ) ) ;
#1094 = LINE ( 'NONE', #1032, #629 ) ;
#1095 = CARTESIAN_POINT ( 'NONE',  ( 0.000000000000000000, 0.000000000000000000, 0.000000000000000000 ) ) ;
#1096 = CARTESIAN_POINT ( 'NONE',  ( 21.67471647004093427, 366.3184203014566833, 12.00000000000000000 ) ) ;
#1097 = DIRECTION ( 'NONE',  ( 0.000000000000000000, 0.000000000000000000, 1.000000000000000000 ) ) ;
#1098 = EDGE_CURVE ( 'NONE', #1406, #552, #2680, .T. ) ;
#1099 = ORIENTED_EDGE ( 'NONE', *, *, #2883, .T. ) ;
#1100 = MANIFOLD_SOLID_BREP ( 'ÇÐ³ý-À­Éì3', #1071 ) ;
#1101 = VECTOR ( 'NONE', #1080, 1000.000000000000000 ) ;
#1102 = ORIENTED_EDGE ( 'NONE', *, *, #2924, .T. ) ;
#1103 = AXIS2_PLACEMENT_3D ( 'NONE', #1892, #1665, #1680 ) ;
#1104 = EDGE_LOOP ( 'NONE', ( #1251, #1132 ) ) ;
#1105 = LINE ( 'NONE', #167, #180 ) ;
#1106 = EDGE_LOOP ( 'NONE', ( #2011, #1875 ) ) ;
#1107 = PLANE ( 'NONE',  #2634 ) ;
#1108 = DIRECTION ( 'NONE',  ( -0.000000000000000000, 0.000000000000000000, -1.000000000000000000 ) ) ;
#1109 = LINE ( 'NONE', #370, #1002 ) ;
#1110 = CARTESIAN_POINT ( 'NONE',  ( 250.6138420405932266, 4.076299126988033095, 25.00000000000000000 ) ) ;
#1111 = AXIS2_PLACEMENT_3D ( 'NONE', #2405, #2440, #2212 ) ;
#1112 = CARTESIAN_POINT ( 'NONE',  ( 0.000000000000000000, 380.0762991269879194, 18.00000000000000000 ) ) ;
#1113 = AXIS2_PLACEMENT_3D ( 'NONE', #1528, #1825, #2463 ) ;
#1114 = ORIENTED_EDGE ( 'NONE', *, *, #545, .T. ) ;
#1115 = AXIS2_PLACEMENT_3D ( 'NONE', #2248, #2655, #805 ) ;
#1116 = EDGE_CURVE ( 'NONE', #1229, #713, #2292, .T. ) ;
#1117 = AXIS2_PLACEMENT_3D ( 'NONE', #1655, #487, #2353 ) ;
#1118 = EDGE_LOOP ( 'NONE', ( #649, #2434 ) ) ;
#1119 = VERTEX_POINT ( 'NONE', #593 ) ;
#1120 = ORIENTED_EDGE ( 'NONE', *, *, #213, .F. ) ;
#1121 = DIRECTION ( 'NONE',  ( -1.000000000000000000, 0.000000000000000000, -0.000000000000000000 ) ) ;
#1122 = FACE_BOUND ( 'NONE', #2451, .T. ) ;
#1123 = FACE_OUTER_BOUND ( 'NONE', #2439, .T. ) ;
#1124 = ADVANCED_FACE ( 'NONE', ( #2476 ), #1724, .F. ) ;
#1125 = CARTESIAN_POINT ( 'NONE',  ( 0.000000000000000000, -35.92370087301227954, 18.00000000000000000 ) ) ;
#1126 = CARTESIAN_POINT ( 'NONE',  ( 201.9999999999999432, 170.0000000000000000, 25.00000000000000000 ) ) ;
#1127 = VECTOR ( 'NONE', #1577, 1000.000000000000000 ) ;
#1128 = EDGE_CURVE ( 'NONE', #2166, #380, #126, .T. ) ;
#1129 = DIRECTION ( 'NONE',  ( -0.000000000000000000, -0.000000000000000000, -1.000000000000000000 ) ) ;
#1130 = AXIS2_PLACEMENT_3D ( 'NONE', #1586, #1657, #230 ) ;
#1131 = EDGE_LOOP ( 'NONE', ( #2696, #897, #3000, #914 ) ) ;
#1132 = ORIENTED_EDGE ( 'NONE', *, *, #1068, .F. ) ;
#1133 = ORIENTED_EDGE ( 'NONE', *, *, #2373, .T. ) ;
#1134 = ORIENTED_EDGE ( 'NONE', *, *, #33, .T. ) ;
#1135 = DIRECTION ( 'NONE',  ( -0.000000000000000000, 0.000000000000000000, 1.000000000000000000 ) ) ;
#1136 = EDGE_CURVE ( 'NONE', #2754, #566, #2487, .T. ) ;
#1137 = PLANE ( 'NONE',  #1113 ) ;
#1138 = FACE_OUTER_BOUND ( 'NONE', #1320, .T. ) ;
#1139 = CARTESIAN_POINT ( 'NONE',  ( 195.0000000000000000, 0.07629912698803309468, 18.00000000000000000 ) ) ;
#1140 = CARTESIAN_POINT ( 'NONE',  ( 71.50000000000000000, -35.92370087301227954, 0.000000000000000000 ) ) ;
#1141 = EDGE_CURVE ( 'NONE', #346, #1851, #1768, .T. ) ;
#1142 = EDGE_LOOP ( 'NONE', ( #1819, #2987 ) ) ;
#1143 = EDGE_LOOP ( 'NONE', ( #570, #2974 ) ) ;
#1144 = AXIS2_PLACEMENT_3D ( 'NONE', #7, #249, #1824 ) ;
#1145 = ORIENTED_EDGE ( 'NONE', *, *, #2576, .T. ) ;
#1146 = ORIENTED_EDGE ( 'NONE', *, *, #597, .T. ) ;
#1147 = DIRECTION ( 'NONE',  ( -1.000000000000000000, 0.000000000000000000, 0.000000000000000000 ) ) ;
#1148 = CYLINDRICAL_SURFACE ( 'NONE', #1103, 1.500000000000001332 ) ;
#1149 = LOCAL_TIME ( 18, 9, 46.00000000000000000, #1415 ) ;
#1150 = CARTESIAN_POINT ( 'NONE',  ( 0.000000000000000000, 0.000000000000000000, 12.00000000000000000 ) ) ;
#1151 = DIRECTION ( 'NONE',  ( 0.000000000000000000, 0.000000000000000000, 1.000000000000000000 ) ) ;
#1152 = EDGE_CURVE ( 'NONE', #237, #1720, #2534, .T. ) ;
#1153 = DIRECTION ( 'NONE',  ( -1.000000000000000000, 0.000000000000000000, 0.000000000000000000 ) ) ;
#1154 = CYLINDRICAL_SURFACE ( 'NONE', #1855, 2.000000000000000888 ) ;
#1155 = ORIENTED_EDGE ( 'NONE', *, *, #936, .F. ) ;
#1156 = AXIS2_PLACEMENT_3D ( 'NONE', #2919, #114, #2722 ) ;
#1157 = EDGE_LOOP ( 'NONE', ( #1582, #282, #1091, #2942 ) ) ;
#1158 = AXIS2_PLACEMENT_3D ( 'NONE', #1380, #2045, #1153 ) ;
#1159 = EDGE_LOOP ( 'NONE', ( #2421, #782, #2037, #1714 ) ) ;
#1160 = ORIENTED_EDGE ( 'NONE', *, *, #51, .F. ) ;
#1161 = CARTESIAN_POINT ( 'NONE',  ( 237.0000000000000000, 12.50000000000000000, 25.00000000000000000 ) ) ;
#1162 = AXIS2_PLACEMENT_3D ( 'NONE', #818, #2686, #590 ) ;
#1163 = ADVANCED_FACE ( 'NONE', ( #111 ), #1046, .F. ) ;
#1164 = DIRECTION ( 'NONE',  ( -1.000000000000000000, 0.000000000000000000, 0.000000000000000000 ) ) ;
#1165 = DIRECTION ( 'NONE',  ( -1.000000000000000000, 0.000000000000000000, 0.000000000000000000 ) ) ;
#1166 = DIRECTION ( 'NONE',  ( 0.000000000000000000, 0.000000000000000000, -1.000000000000000000 ) ) ;
#1167 = EDGE_CURVE ( 'NONE', #348, #2466, #1560, .T. ) ;
#1168 = CARTESIAN_POINT ( 'NONE',  ( 95.00000000000000000, 325.0762991269879194, 16.50000000000000355 ) ) ;
#1169 = AXIS2_PLACEMENT_3D ( 'NONE', #463, #697, #2048 ) ;
#1170 = APPROVAL_ROLE ( '' ) ;
#1171 = ADVANCED_FACE ( 'NONE', ( #623 ), #2429, .F. ) ;
#1172 = EDGE_LOOP ( 'NONE', ( #250, #1451 ) ) ;
#1173 = CC_DESIGN_PERSON_AND_ORGANIZATION_ASSIGNMENT ( #2996, #2823, ( #313 ) ) ;
#1174 = EDGE_LOOP ( 'NONE', ( #2324, #2943, #1570, #1850 ) ) ;
#1175 = CYLINDRICAL_SURFACE ( 'NONE', #2907, 3.999999999999993339 ) ;
#1176 = ORIENTED_EDGE ( 'NONE', *, *, #974, .F. ) ;
#1177 = ORIENTED_EDGE ( 'NONE', *, *, #2690, .F. ) ;
#1178 = CARTESIAN_POINT ( 'NONE',  ( 153.3638420405932266, 160.0762991269880047, 12.00000000000000178 ) ) ;
#1179 = DIRECTION ( 'NONE',  ( -1.000000000000000000, 0.000000000000000000, 0.000000000000000000 ) ) ;
#1180 = EDGE_CURVE ( 'NONE', #1441, #1676, #1896, .T. ) ;
#1181 = CYLINDRICAL_SURFACE ( 'NONE', #1224, 1.500000000000001332 ) ;
#1182 = FACE_OUTER_BOUND ( 'NONE', #2562, .T. ) ;
#1183 = ORIENTED_EDGE ( 'NONE', *, *, #597, .F. ) ;
#1184 = DIRECTION ( 'NONE',  ( -1.000000000000000000, 0.000000000000000000, 0.000000000000000000 ) ) ;
#1185 = ORIENTED_EDGE ( 'NONE', *, *, #2642, .F. ) ;
#1186 = CYLINDRICAL_SURFACE ( 'NONE', #2420, 4.000000000000000000 ) ;
#1187 = ORIENTED_EDGE ( 'NONE', *, *, #2219, .T. ) ;
#1188 = ORIENTED_EDGE ( 'NONE', *, *, #1420, .T. ) ;
#1189 = CARTESIAN_POINT ( 'NONE',  ( -0.000000000000000000, 0.07629912698803309468, 0.000000000000000000 ) ) ;
#1190 = VECTOR ( 'NONE', #2086, 1000.000000000000000 ) ;
#1191 = CARTESIAN_POINT ( 'NONE',  ( 138.5000000000000000, 280.0000000000000000, 25.00000000000000000 ) ) ;
#1192 = PLANE ( 'NONE',  #1666 ) ;
#1193 = CIRCLE ( 'NONE', #1050, 2.000000000000000888 ) ;
#1194 = DIRECTION ( 'NONE',  ( 0.000000000000000000, 0.000000000000000000, 1.000000000000000000 ) ) ;
#1195 = EDGE_CURVE ( 'NONE', #224, #1746, #1367, .T. ) ;
#1196 = EDGE_LOOP ( 'NONE', ( #585, #2309 ) ) ;
#1197 = VECTOR ( 'NONE', #1540, 1000.000000000000000 ) ;
#1198 = PLANE ( 'NONE',  #2985 ) ;
#1199 = ADVANCED_FACE ( 'NONE', ( #2519 ), #1841, .F. ) ;
#1200 = CARTESIAN_POINT ( 'NONE',  ( 245.0000000000000000, 345.0000000000000000, 12.00000000000000000 ) ) ;
#1201 = ORIENTED_EDGE ( 'NONE', *, *, #2340, .T. ) ;
#1202 = CYLINDRICAL_SURFACE ( 'NONE', #1830, 3.000000000000002665 ) ;
#1203 = AXIS2_PLACEMENT_3D ( 'NONE', #787, #2928, #2697 ) ;
#1204 = ORIENTED_EDGE ( 'NONE', *, *, #292, .F. ) ;
#1205 = EDGE_CURVE ( 'NONE', #237, #2480, #1352, .T. ) ;
#1206 = ORIENTED_EDGE ( 'NONE', *, *, #1709, .T. ) ;
#1207 = CARTESIAN_POINT ( 'NONE',  ( 7.000000000000007994, 360.0000000000000000, 12.00000000000000000 ) ) ;
#1208 = FACE_OUTER_BOUND ( 'NONE', #2093, .T. ) ;
#1209 = VECTOR ( 'NONE', #2129, 1000.000000000000000 ) ;
#1210 = CYLINDRICAL_SURFACE ( 'NONE', #489, 3.999999999999993339 ) ;
#1211 = VECTOR ( 'NONE', #2950, 1000.000000000000000 ) ;
#1212 = LINE ( 'NONE', #505, #2193 ) ;
#1213 = ORIENTED_EDGE ( 'NONE', *, *, #14, .T. ) ;
#1214 = VECTOR ( 'NONE', #1093, 1000.000000000000000 ) ;
#1215 = CARTESIAN_POINT ( 'NONE',  ( 55.00000000000000000, 380.0762991269879194, 9.000000000000000000 ) ) ;
#1216 = CARTESIAN_POINT ( 'NONE',  ( 155.0000000000000000, 380.0762991269879194, 8.500000000000010658 ) ) ;
#1217 = EDGE_CURVE ( 'NONE', #2189, #1237, #3006, .T. ) ;
#1218 = DIRECTION ( 'NONE',  ( -0.000000000000000000, 1.000000000000000000, -0.000000000000000000 ) ) ;
#1219 = VERTEX_POINT ( 'NONE', #1139 ) ;
#1220 = DIRECTION ( 'NONE',  ( -0.000000000000000000, -0.000000000000000000, -1.000000000000000000 ) ) ;
#1221 = ORIENTED_EDGE ( 'NONE', *, *, #2939, .F. ) ;
#1222 = VERTEX_POINT ( 'NONE', #2763 ) ;
#1223 = DIRECTION ( 'NONE',  ( -1.000000000000000000, 0.000000000000000000, 0.000000000000000000 ) ) ;
#1224 = AXIS2_PLACEMENT_3D ( 'NONE', #2118, #948, #432 ) ;
#1225 = DIRECTION ( 'NONE',  ( -0.000000000000000000, -0.000000000000000000, -1.000000000000000000 ) ) ;
#1226 = DIRECTION ( 'NONE',  ( 1.000000000000000000, 0.000000000000000000, -0.000000000000000000 ) ) ;
#1227 = DIRECTION ( 'NONE',  ( -0.000000000000000000, -0.000000000000000000, -1.000000000000000000 ) ) ;
#1228 = EDGE_CURVE ( 'NONE', #1730, #2097, #2976, .T. ) ;
#1229 = VERTEX_POINT ( 'NONE', #1587 ) ;
#1230 = LINE ( 'NONE', #1937, #2683 ) ;
#1231 = DIRECTION ( 'NONE',  ( 0.000000000000000000, -0.000000000000000000, 1.000000000000000000 ) ) ;
#1232 = ORIENTED_EDGE ( 'NONE', *, *, #1258, .T. ) ;
#1233 = CARTESIAN_POINT ( 'NONE',  ( 0.000000000000000000, 0.000000000000000000, 12.00000000000000000 ) ) ;
#1234 = EDGE_CURVE ( 'NONE', #1302, #532, #328, .T. ) ;
#1235 = VERTEX_POINT ( 'NONE', #2735 ) ;
#1236 = DIRECTION ( 'NONE',  ( 1.000000000000000000, 0.000000000000000000, 0.000000000000000000 ) ) ;
#1237 = VERTEX_POINT ( 'NONE', #2750 ) ;
#1238 = ORIENTED_EDGE ( 'NONE', *, *, #2540, .T. ) ;
#1239 = DIRECTION ( 'NONE',  ( -0.000000000000000000, -0.000000000000000000, -1.000000000000000000 ) ) ;
#1240 = CARTESIAN_POINT ( 'NONE',  ( 95.00000000000000000, 325.0762991269879194, 12.49999999999999645 ) ) ;
#1241 = ORIENTED_EDGE ( 'NONE', *, *, #2789, .F. ) ;
#1242 = DIRECTION ( 'NONE',  ( -1.000000000000000000, 0.000000000000000000, 0.000000000000000000 ) ) ;
#1243 = CARTESIAN_POINT ( 'NONE',  ( 21.67471647004093427, 325.0762991269879194, 10.27682896623246300 ) ) ;
#1244 = AXIS2_PLACEMENT_3D ( 'NONE', #1750, #621, #369 ) ;
#1245 = CYLINDRICAL_SURFACE ( 'NONE', #1311, 6.000000000000015987 ) ;
#1246 = DIRECTION ( 'NONE',  ( -1.000000000000000000, 0.000000000000000000, 0.000000000000000000 ) ) ;
#1247 = LOCAL_TIME ( 18, 9, 46.00000000000000000, #910 ) ;
#1248 = VECTOR ( 'NONE', #190, 1000.000000000000000 ) ;
#1249 = CARTESIAN_POINT ( 'NONE',  ( 155.0000000000000000, 380.0762991269879194, 12.50000000000000355 ) ) ;
#1250 = PLANE ( 'NONE',  #758 ) ;
#1251 = ORIENTED_EDGE ( 'NONE', *, *, #1136, .F. ) ;
#1252 = EDGE_LOOP ( 'NONE', ( #2358, #1430, #1374, #1075 ) ) ;
#1253 = FACE_OUTER_BOUND ( 'NONE', #2582, .T. ) ;
#1254 = VECTOR ( 'NONE', #768, 1000.000000000000000 ) ;
#1255 = EDGE_LOOP ( 'NONE', ( #1566, #1301, #88, #1499 ) ) ;
#1256 = CYLINDRICAL_SURFACE ( 'NONE', #1645, 3.999999999999993339 ) ;
#1257 = FACE_OUTER_BOUND ( 'NONE', #928, .T. ) ;
#1258 = EDGE_CURVE ( 'NONE', #1720, #534, #2291, .T. ) ;
#1259 = FACE_OUTER_BOUND ( 'NONE', #2645, .T. ) ;
#1260 = VECTOR ( 'NONE', #919, 1000.000000000000000 ) ;
#1261 = LINE ( 'NONE', #1044, #2178 ) ;
#1262 = VECTOR ( 'NONE', #2073, 1000.000000000000000 ) ;
#1263 = CARTESIAN_POINT ( 'NONE',  ( 245.0000000000000000, 165.0000000000000000, 25.00000000000000000 ) ) ;
#1264 = DIRECTION ( 'NONE',  ( 0.000000000000000000, 0.000000000000000000, 1.000000000000000000 ) ) ;
#1265 = PLANE ( 'NONE',  #3015 ) ;
#1266 = AXIS2_PLACEMENT_3D ( 'NONE', #1310, #341, #2058 ) ;
#1267 = ADVANCED_FACE ( 'NONE', ( #217 ), #922, .F. ) ;
#1268 = CARTESIAN_POINT ( 'NONE',  ( 246.5000000000000284, 285.0000000000000000, 25.00000000000000000 ) ) ;
#1269 = ORIENTED_EDGE ( 'NONE', *, *, #791, .F. ) ;
#1270 = CIRCLE ( 'NONE', #1798, 3.000000000000002665 ) ;
#1271 = ORIENTED_EDGE ( 'NONE', *, *, #2419, .T. ) ;
#1272 = LINE ( 'NONE', #121, #2817 ) ;
#1273 = DIRECTION ( 'NONE',  ( 0.000000000000000000, 1.000000000000000000, -0.000000000000000000 ) ) ;
#1274 = CYLINDRICAL_SURFACE ( 'NONE', #2321, 1.500000000000001332 ) ;
#1275 = CIRCLE ( 'NONE', #929, 2.000000000000001776 ) ;
#1276 = DIRECTION ( 'NONE',  ( -1.000000000000000000, 0.000000000000000000, 0.000000000000000000 ) ) ;
#1277 = EDGE_CURVE ( 'NONE', #1385, #1024, #447, .T. ) ;
#1278 = LINE ( 'NONE', #2428, #331 ) ;
#1279 = LINE ( 'NONE', #2673, #1810 ) ;
#1280 = EDGE_CURVE ( 'NONE', #1944, #1316, #31, .T. ) ;
#1281 = DIRECTION ( 'NONE',  ( -1.000000000000000000, 0.000000000000000000, 0.000000000000000000 ) ) ;
#1282 = FACE_OUTER_BOUND ( 'NONE', #1143, .T. ) ;
#1283 = CARTESIAN_POINT ( 'NONE',  ( 201.9999999999999432, 109.9999999999999858, 25.00000000000000000 ) ) ;
#1284 = EDGE_LOOP ( 'NONE', ( #612, #2512, #9, #1733 ) ) ;
#1285 = ADVANCED_FACE ( 'NONE', ( #3019 ), #2981, .T. ) ;
#1286 = ORIENTED_EDGE ( 'NONE', *, *, #1384, .T. ) ;
#1287 = VERTEX_POINT ( 'NONE', #404 ) ;
#1288 = DIRECTION ( 'NONE',  ( 1.000000000000000000, 0.000000000000000000, 0.000000000000000000 ) ) ;
#1289 = CARTESIAN_POINT ( 'NONE',  ( 15.00000000000000000, 360.0000000000000000, 25.00000000000000000 ) ) ;
#1290 = FACE_OUTER_BOUND ( 'NONE', #1808, .T. ) ;
#1291 = FACE_OUTER_BOUND ( 'NONE', #425, .T. ) ;
#1292 = CARTESIAN_POINT ( 'NONE',  ( 0.000000000000000000, 0.07629912698803309468, 9.000000000000001776 ) ) ;
#1293 = DIRECTION ( 'NONE',  ( -0.000000000000000000, 1.000000000000000000, -0.000000000000000000 ) ) ;
#1294 = CIRCLE ( 'NONE', #1877, 4.000000000000000000 ) ;
#1295 = LINE ( 'NONE', #2775, #2044 ) ;
#1296 = EDGE_CURVE ( 'NONE', #1804, #1119, #2331, .T. ) ;
#1297 = LOCAL_TIME ( 18, 9, 46.00000000000000000, #1646 ) ;
#1298 = LINE ( 'NONE', #343, #769 ) ;
#1299 = DIRECTION ( 'NONE',  ( -0.000000000000000000, -1.000000000000000000, -0.000000000000000000 ) ) ;
#1300 = ORIENTED_EDGE ( 'NONE', *, *, #2495, .F. ) ;
#1301 = ORIENTED_EDGE ( 'NONE', *, *, #1904, .T. ) ;
#1302 = VERTEX_POINT ( 'NONE', #695 ) ;
#1303 = DIRECTION ( 'NONE',  ( -1.000000000000000000, 0.000000000000000000, 0.000000000000000000 ) ) ;
#1304 = CARTESIAN_POINT ( 'NONE',  ( 225.0000000000000000, 325.0762991269879194, 12.49999999999999645 ) ) ;
#1305 = CARTESIAN_POINT ( 'NONE',  ( 243.5000000000000000, 165.0000000000000000, 25.00000000000000000 ) ) ;
#1306 = DIRECTION ( 'NONE',  ( -1.000000000000000000, 0.000000000000000000, 0.000000000000000000 ) ) ;
#1307 = VECTOR ( 'NONE', #145, 1000.000000000000000 ) ;
#1308 = CARTESIAN_POINT ( 'NONE',  ( 0.6138420405932265567, 380.0762991269879194, 25.00000000000000000 ) ) ;
#1309 = CARTESIAN_POINT ( 'NONE',  ( 24.99999999999999289, 325.0762991269879194, 12.49999999999999645 ) ) ;
#1310 = CARTESIAN_POINT ( 'NONE',  ( 225.0000000000000000, 380.0762991269879194, 12.49999999999999645 ) ) ;
#1311 = AXIS2_PLACEMENT_3D ( 'NONE', #1460, #1922, #790 ) ;
#1312 = FACE_BOUND ( 'NONE', #716, .T. ) ;
#1313 = DIRECTION ( 'NONE',  ( -1.000000000000000000, 0.000000000000000000, 0.000000000000000000 ) ) ;
#1314 = AXIS2_PLACEMENT_3D ( 'NONE', #2339, #427, #443 ) ;
#1315 = EDGE_CURVE ( 'NONE', #927, #1594, #174, .T. ) ;
#1316 = VERTEX_POINT ( 'NONE', #1797 ) ;
#1317 = VERTEX_POINT ( 'NONE', #1828 ) ;
#1318 = EDGE_LOOP ( 'NONE', ( #855, #966, #2844, #2514 ) ) ;
#1319 = DIRECTION ( 'NONE',  ( 0.000000000000000000, 0.000000000000000000, -1.000000000000000000 ) ) ;
#1320 = EDGE_LOOP ( 'NONE', ( #2190, #989, #2616, #2827 ) ) ;
#1321 = CARTESIAN_POINT ( 'NONE',  ( 90.50000000000002842, 280.0000000000000000, 25.00000000000000000 ) ) ;
#1322 = DIRECTION ( 'NONE',  ( 0.000000000000000000, -0.000000000000000000, 1.000000000000000000 ) ) ;
#1323 = DIRECTION ( 'NONE',  ( 1.000000000000000000, 0.000000000000000000, 0.000000000000000000 ) ) ;
#1324 = EDGE_CURVE ( 'NONE', #3029, #2906, #879, .T. ) ;
#1325 = DIRECTION ( 'NONE',  ( 1.000000000000000000, 0.000000000000000000, 0.000000000000000000 ) ) ;
#1326 = AXIS2_PLACEMENT_3D ( 'NONE', #2897, #1506, #1952 ) ;
#1327 = DIRECTION ( 'NONE',  ( -0.000000000000000000, -0.000000000000000000, -1.000000000000000000 ) ) ;
#1328 = PERSON_AND_ORGANIZATION ( #2, #1439 ) ;
#1329 = ORIENTED_EDGE ( 'NONE', *, *, #2591, .T. ) ;
#1330 = ADVANCED_FACE ( 'NONE', ( #2994 ), #1575, .F. ) ;
#1331 = EDGE_LOOP ( 'NONE', ( #147, #844, #2175, #2527 ) ) ;
#1332 = ORIENTED_EDGE ( 'NONE', *, *, #297, .T. ) ;
#1333 = CARTESIAN_POINT ( 'NONE',  ( 153.3638420405932266, 160.0762991269880047, 12.00000000000000178 ) ) ;
#1334 = ORIENTED_EDGE ( 'NONE', *, *, #2053, .F. ) ;
#1335 = CARTESIAN_POINT ( 'NONE',  ( 89.00000000000002842, 280.0000000000000000, 12.00000000000000000 ) ) ;
#1336 = CARTESIAN_POINT ( 'NONE',  ( 12.45616237259896764, 3.512394710978425927, 24.96012831811290766 ) ) ;
#1337 = DIRECTION ( 'NONE',  ( 1.000000000000000000, 0.000000000000000000, 0.000000000000000000 ) ) ;
#1338 = CARTESIAN_POINT ( 'NONE',  ( 24.99999999999999289, 380.0762991269879194, 12.49999999999999645 ) ) ;
#1339 = EDGE_CURVE ( 'NONE', #2380, #831, #2142, .T. ) ;
#1340 = AXIS2_PLACEMENT_3D ( 'NONE', #1240, #1535, #815 ) ;
#1341 = CARTESIAN_POINT ( 'NONE',  ( 95.00000000000000000, 325.0762991269879194, 12.49999999999999645 ) ) ;
#1342 = EDGE_LOOP ( 'NONE', ( #2758, #2873 ) ) ;
#1343 = AXIS2_PLACEMENT_3D ( 'NONE', #2842, #2629, #1926 ) ;
#1344 = ADVANCED_FACE ( 'NONE', ( #1474 ), #2150, .F. ) ;
#1345 = ORIENTED_EDGE ( 'NONE', *, *, #2442, .F. ) ;
#1346 = CIRCLE ( 'NONE', #2474, 3.999999999999993339 ) ;
#1347 = ORIENTED_EDGE ( 'NONE', *, *, #2130, .T. ) ;
#1348 = EDGE_LOOP ( 'NONE', ( #853, #1120 ) ) ;
#1349 = DIRECTION ( 'NONE',  ( -0.000000000000000000, -0.000000000000000000, -1.000000000000000000 ) ) ;
#1350 = DIRECTION ( 'NONE',  ( -0.000000000000000000, 1.000000000000000000, -0.000000000000000000 ) ) ;
#1351 = DIRECTION ( 'NONE',  ( 1.000000000000000000, 0.000000000000000000, 0.000000000000000000 ) ) ;
#1352 = LINE ( 'NONE', #683, #1262 ) ;
#1353 = AXIS2_PLACEMENT_3D ( 'NONE', #1042, #358, #2494 ) ;
#1354 = DIRECTION ( 'NONE',  ( -1.000000000000000000, 0.000000000000000000, 0.000000000000000000 ) ) ;
#1355 = DIRECTION ( 'NONE',  ( -0.000000000000000000, -0.000000000000000000, -1.000000000000000000 ) ) ;
#1356 = ORIENTED_EDGE ( 'NONE', *, *, #2433, .F. ) ;
#1357 = AXIS2_PLACEMENT_3D ( 'NONE', #1096, #2061, #1857 ) ;
#1358 = EDGE_CURVE ( 'NONE', #1376, #2065, #231, .T. ) ;
#1359 = AXIS2_PLACEMENT_3D ( 'NONE', #2640, #2445, #1475 ) ;
#1360 = VERTEX_POINT ( 'NONE', #708 ) ;
#1361 = AXIS2_PLACEMENT_3D ( 'NONE', #2684, #1029, #1523 ) ;
#1362 = ORIENTED_EDGE ( 'NONE', *, *, #992, .F. ) ;
#1363 = ORIENTED_EDGE ( 'NONE', *, *, #2924, .F. ) ;
#1364 = DIRECTION ( 'NONE',  ( 1.000000000000000000, 0.000000000000000000, 0.000000000000000000 ) ) ;
#1365 = LINE ( 'NONE', #127, #1507 ) ;
#1366 = LINE ( 'NONE', #12, #1083 ) ;
#1367 = LINE ( 'NONE', #460, #964 ) ;
#1368 = ADVANCED_FACE ( 'NONE', ( #950 ), #935, .F. ) ;
#1369 = DIRECTION ( 'NONE',  ( -0.000000000000000000, -0.000000000000000000, -1.000000000000000000 ) ) ;
#1370 = EDGE_CURVE ( 'NONE', #1222, #2160, #1457, .T. ) ;
#1371 = AXIS2_PLACEMENT_3D ( 'NONE', #801, #504, #1734 ) ;
#1372 = DATE_AND_TIME ( #2809, #1546 ) ;
#1373 = EDGE_LOOP ( 'NONE', ( #3012, #2021, #2783, #2239 ) ) ;
#1374 = ORIENTED_EDGE ( 'NONE', *, *, #1217, .T. ) ;
#1375 = VERTEX_POINT ( 'NONE', #2804 ) ;
#1376 = VERTEX_POINT ( 'NONE', #756 ) ;
#1377 = CARTESIAN_POINT ( 'NONE',  ( 161.0000000000000284, 280.0000000000000000, 25.00000000000000000 ) ) ;
#1378 = DIRECTION ( 'NONE',  ( 1.000000000000000000, 0.000000000000000000, 0.000000000000000000 ) ) ;
#1379 = CARTESIAN_POINT ( 'NONE',  ( 99.86384204059322656, 160.0762991269880047, 12.00000000000000178 ) ) ;
#1380 = CARTESIAN_POINT ( 'NONE',  ( 5.000000000000004441, 260.0000000000000000, 12.00000000000000000 ) ) ;
#1381 = LINE ( 'NONE', #655, #520 ) ;
#1382 = PERSON_AND_ORGANIZATION_ROLE ( 'creator' ) ;
#1383 = ORIENTED_EDGE ( 'NONE', *, *, #631, .F. ) ;
#1384 = EDGE_CURVE ( 'NONE', #1790, #1864, #1212, .T. ) ;
#1385 = VERTEX_POINT ( 'NONE', #2392 ) ;
#1386 = VECTOR ( 'NONE', #2465, 1000.000000000000000 ) ;
#1387 = VERTEX_POINT ( 'NONE', #1704 ) ;
#1388 = ORIENTED_EDGE ( 'NONE', *, *, #171, .F. ) ;
#1389 = LINE ( 'NONE', #2815, #634 ) ;
#1390 = VECTOR ( 'NONE', #146, 1000.000000000000000 ) ;
#1391 = AXIS2_PLACEMENT_3D ( 'NONE', #1903, #59, #78 ) ;
#1392 = EDGE_CURVE ( 'NONE', #2485, #2925, #1425, .T. ) ;
#1393 = CARTESIAN_POINT ( 'NONE',  ( 204.9999999999999716, 170.0000000000000000, 25.00000000000000000 ) ) ;
#1394 = CARTESIAN_POINT ( 'NONE',  ( 175.0000000000000000, -35.92370087301227954, 0.000000000000000000 ) ) ;
#1395 = DIRECTION ( 'NONE',  ( -0.000000000000000000, -0.000000000000000000, -1.000000000000000000 ) ) ;
#1396 = APPLICATION_CONTEXT ( 'configuration controlled 3d designs of mechanical parts and assemblies' ) ;
#1397 = CARTESIAN_POINT ( 'NONE',  ( 5.000000000000004441, 260.0000000000000000, 25.00000000000000000 ) ) ;
#1398 = PERSON_AND_ORGANIZATION ( #2, #1439 ) ;
#1399 = ORIENTED_EDGE ( 'NONE', *, *, #1576, .T. ) ;
#1400 = VECTOR ( 'NONE', #2689, 1000.000000000000000 ) ;
#1401 = ADVANCED_FACE ( 'NONE', ( #981 ), #476, .F. ) ;
#1402 = EDGE_LOOP ( 'NONE', ( #1102, #940, #1479, #814 ) ) ;
#1403 = DIRECTION ( 'NONE',  ( -0.000000000000000000, -0.000000000000000000, -1.000000000000000000 ) ) ;
#1404 = AXIS2_PLACEMENT_3D ( 'NONE', #654, #2328, #2507 ) ;
#1405 = ORIENTED_EDGE ( 'NONE', *, *, #1879, .T. ) ;
#1406 = VERTEX_POINT ( 'NONE', #44 ) ;
#1407 = CYLINDRICAL_SURFACE ( 'NONE', #86, 2.000000000000001776 ) ;
#1408 = AXIS2_PLACEMENT_3D ( 'NONE', #2899, #2202, #803 ) ;
#1409 = CARTESIAN_POINT ( 'NONE',  ( -0.000000000000000000, 380.0762991269879194, 0.000000000000000000 ) ) ;
#1410 = AXIS2_PLACEMENT_3D ( 'NONE', #1059, #889, #1147 ) ;
#1411 = DIRECTION ( 'NONE',  ( -1.000000000000000000, 0.000000000000000000, 0.000000000000000000 ) ) ;
#1412 = DIRECTION ( 'NONE',  ( -1.000000000000000000, 0.000000000000000000, 0.000000000000000000 ) ) ;
#1413 = DIRECTION ( 'NONE',  ( -0.000000000000000000, -0.000000000000000000, -1.000000000000000000 ) ) ;
#1414 = CIRCLE ( 'NONE', #3027, 6.000000000000015987 ) ;
#1415 = COORDINATED_UNIVERSAL_TIME_OFFSET ( 8, 0, .AHEAD. ) ;
#1416 = ORIENTED_EDGE ( 'NONE', *, *, #1688, .F. ) ;
#1417 = DIRECTION ( 'NONE',  ( -0.000000000000000000, 0.000000000000000000, 1.000000000000000000 ) ) ;
#1418 = ORIENTED_EDGE ( 'NONE', *, *, #849, .F. ) ;
#1419 = VERTEX_POINT ( 'NONE', #1919 ) ;
#1420 = EDGE_CURVE ( 'NONE', #2820, #440, #812, .T. ) ;
#1421 = CARTESIAN_POINT ( 'NONE',  ( 21.67471647004093427, 366.3184203014566833, 12.00000000000000000 ) ) ;
#1422 = LINE ( 'NONE', #2816, #1260 ) ;
#1423 = EDGE_CURVE ( 'NONE', #713, #2144, #1659, .T. ) ;
#1424 = CARTESIAN_POINT ( 'NONE',  ( 245.0000000000000000, 225.0000000000000000, 12.00000000000000000 ) ) ;
#1425 = LINE ( 'NONE', #287, #870 ) ;
#1426 = ORIENTED_EDGE ( 'NONE', *, *, #2934, .T. ) ;
#1427 = DIRECTION ( 'NONE',  ( -1.000000000000000000, 0.000000000000000000, 0.000000000000000000 ) ) ;
#1428 = EDGE_CURVE ( 'NONE', #516, #1596, #1882, .T. ) ;
#1429 = CARTESIAN_POINT ( 'NONE',  ( 0.6138420405932265567, 0.07629912698803309468, 21.00000000000000000 ) ) ;
#1430 = ORIENTED_EDGE ( 'NONE', *, *, #1538, .T. ) ;
#1431 = CARTESIAN_POINT ( 'NONE',  ( 10.86003594752767576, 3.741645027114120392, 24.98714924630597878 ) ) ;
#1432 = VERTEX_POINT ( 'NONE', #771 ) ;
#1433 = ORIENTED_EDGE ( 'NONE', *, *, #1615, .F. ) ;
#1434 = FACE_OUTER_BOUND ( 'NONE', #1023, .T. ) ;
#1435 = EDGE_CURVE ( 'NONE', #2906, #1699, #1346, .T. ) ;
#1436 = CIRCLE ( 'NONE', #507, 9.000000000000007105 ) ;
#1437 = DIRECTION ( 'NONE',  ( 0.000000000000000000, 0.000000000000000000, -1.000000000000000000 ) ) ;
#1438 = CARTESIAN_POINT ( 'NONE',  ( 7.000000000000005329, 260.0000000000000000, 12.00000000000000000 ) ) ;
#1439 = ORGANIZATION ( 'æœª', 'æœª', '' ) ;
#1440 = CARTESIAN_POINT ( 'NONE',  ( 3.000000000000006217, 360.0000000000000000, 25.00000000000000000 ) ) ;
#1441 = VERTEX_POINT ( 'NONE', #245 ) ;
#1442 = ADVANCED_FACE ( 'NONE', ( #1182 ), #492, .F. ) ;
#1443 = FACE_OUTER_BOUND ( 'NONE', #6, .T. ) ;
#1444 = CARTESIAN_POINT ( 'NONE',  ( 58.50000000000000000, -35.92370087301227954, 0.000000000000000000 ) ) ;
#1445 = ORIENTED_EDGE ( 'NONE', *, *, #481, .F. ) ;
#1446 = DIRECTION ( 'NONE',  ( -1.000000000000000000, 0.000000000000000000, 0.000000000000000000 ) ) ;
#1447 = VERTEX_POINT ( 'NONE', #28 ) ;
#1448 = LINE ( 'NONE', #2659, #2664 ) ;
#1449 = AXIS2_PLACEMENT_3D ( 'NONE', #1986, #2033, #2706 ) ;
#1450 = VERTEX_POINT ( 'NONE', #522 ) ;
#1451 = ORIENTED_EDGE ( 'NONE', *, *, #945, .F. ) ;
#1452 = CARTESIAN_POINT ( 'NONE',  ( 112.9999999999999858, 280.0000000000000000, 25.00000000000000000 ) ) ;
#1453 = EDGE_CURVE ( 'NONE', #1715, #184, #2849, .T. ) ;
#1454 = CARTESIAN_POINT ( 'NONE',  ( 89.00000000000002842, 280.0000000000000000, 25.00000000000000000 ) ) ;
#1455 = VECTOR ( 'NONE', #1017, 1000.000000000000000 ) ;
#1456 = FACE_OUTER_BOUND ( 'NONE', #1159, .T. ) ;
#1457 = LINE ( 'NONE', #540, #1948 ) ;
#1458 = VERTEX_POINT ( 'NONE', #272 ) ;
#1459 = AXIS2_PLACEMENT_3D ( 'NONE', #200, #2544, #944 ) ;
#1460 = CARTESIAN_POINT ( 'NONE',  ( 13.00000000000001066, 12.50000000000000000, 11.00000000000000000 ) ) ;
#1461 = ADVANCED_FACE ( 'NONE', ( #965 ), #2165, .F. ) ;
#1462 = DIRECTION ( 'NONE',  ( 0.000000000000000000, 0.000000000000000000, 1.000000000000000000 ) ) ;
#1463 = FACE_OUTER_BOUND ( 'NONE', #742, .T. ) ;
#1464 = ORIENTED_EDGE ( 'NONE', *, *, #1672, .F. ) ;
#1465 = FACE_OUTER_BOUND ( 'NONE', #225, .T. ) ;
#1466 = ORIENTED_EDGE ( 'NONE', *, *, #1651, .F. ) ;
#1467 = ORIENTED_EDGE ( 'NONE', *, *, #2511, .T. ) ;
#1468 = CARTESIAN_POINT ( 'NONE',  ( 191.5000000000000000, 0.000000000000000000, 0.000000000000000000 ) ) ;
#1469 = EDGE_CURVE ( 'NONE', #2466, #2065, #305, .T. ) ;
#1470 = AXIS2_PLACEMENT_3D ( 'NONE', #58, #2652, #1674 ) ;
#1471 = DIRECTION ( 'NONE',  ( -1.000000000000000000, 0.000000000000000000, 0.000000000000000000 ) ) ;
#1472 = DIRECTION ( 'NONE',  ( 0.000000000000000000, 1.000000000000000000, -0.000000000000000000 ) ) ;
#1473 = CARTESIAN_POINT ( 'NONE',  ( 207.9999999999999716, 109.9999999999999858, 25.00000000000000000 ) ) ;
#1474 = FACE_OUTER_BOUND ( 'NONE', #1331, .T. ) ;
#1475 = DIRECTION ( 'NONE',  ( 1.000000000000000000, 0.000000000000000000, 0.000000000000000000 ) ) ;
#1476 = CARTESIAN_POINT ( 'NONE',  ( 44.99999999999998579, 110.0000000000000142, 25.00000000000000000 ) ) ;
#1477 = EDGE_CURVE ( 'NONE', #2066, #942, #1785, .T. ) ;
#1478 = DIRECTION ( 'NONE',  ( -0.000000000000000000, 0.000000000000000000, -1.000000000000000000 ) ) ;
#1479 = ORIENTED_EDGE ( 'NONE', *, *, #2721, .F. ) ;
#1480 = PLANE ( 'NONE',  #2126 ) ;
#1481 = ADVANCED_FACE ( 'NONE', ( #83 ), #2627, .F. ) ;
#1482 = ORIENTED_EDGE ( 'NONE', *, *, #614, .T. ) ;
#1483 = ORIENTED_EDGE ( 'NONE', *, *, #2707, .T. ) ;
#1484 = DIRECTION ( 'NONE',  ( -0.000000000000000000, 0.000000000000000000, 1.000000000000000000 ) ) ;
#1485 = VERTEX_POINT ( 'NONE', #50 ) ;
#1486 = CARTESIAN_POINT ( 'NONE',  ( 243.5000000000000000, 165.0000000000000000, 12.00000000000000000 ) ) ;
#1487 = AXIS2_PLACEMENT_3D ( 'NONE', #519, #2790, #1179 ) ;
#1488 = CARTESIAN_POINT ( 'NONE',  ( 0.000000000000000000, 0.07629912698803309468, 9.000000000000001776 ) ) ;
#1489 = CARTESIAN_POINT ( 'NONE',  ( 0.000000000000000000, -35.92370087301227954, 9.000000000000000000 ) ) ;
#1490 = ADVANCED_FACE ( 'NONE', ( #1463 ), #1958, .T. ) ;
#1491 = DIRECTION ( 'NONE',  ( 1.000000000000000000, 0.000000000000000000, 0.000000000000000000 ) ) ;
#1492 = AXIS2_PLACEMENT_3D ( 'NONE', #862, #2245, #1491 ) ;
#1493 = CARTESIAN_POINT ( 'NONE',  ( 44.99999999999998579, 170.0000000000000000, 25.00000000000000000 ) ) ;
#1494 = ADVANCED_FACE ( 'NONE', ( #546 ), #20, .F. ) ;
#1495 = DIRECTION ( 'NONE',  ( -1.000000000000000000, 0.000000000000000000, 0.000000000000000000 ) ) ;
#1496 = AXIS2_PLACEMENT_3D ( 'NONE', #1694, #65, #2085 ) ;
#1497 = CARTESIAN_POINT ( 'NONE',  ( 0.000000000000000000, 0.000000000000000000, 11.00000000000000000 ) ) ;
#1498 = CARTESIAN_POINT ( 'NONE',  ( 0.000000000000000000, 0.000000000000000000, 5.000000000000000000 ) ) ;
#1499 = ORIENTED_EDGE ( 'NONE', *, *, #1939, .T. ) ;
#1500 = VERTEX_POINT ( 'NONE', #2826 ) ;
#1501 = CARTESIAN_POINT ( 'NONE',  ( 0.6138420405932265567, 380.0762991269879194, 25.00000000000000000 ) ) ;
#1502 = EDGE_CURVE ( 'NONE', #1583, #451, #1940, .T. ) ;
#1503 = VERTEX_POINT ( 'NONE', #2840 ) ;
#1504 = PLANE ( 'NONE',  #1111 ) ;
#1505 = DIRECTION ( 'NONE',  ( -0.000000000000000000, -0.000000000000000000, -1.000000000000000000 ) ) ;
#1506 = DIRECTION ( 'NONE',  ( 0.000000000000000000, 0.000000000000000000, 1.000000000000000000 ) ) ;
#1507 = VECTOR ( 'NONE', #680, 1000.000000000000000 ) ;
#1508 = CARTESIAN_POINT ( 'NONE',  ( 24.99999999999999289, 325.0762991269879194, 16.49999999999999645 ) ) ;
#1509 = AXIS2_PLACEMENT_3D ( 'NONE', #2088, #1618, #864 ) ;
#1510 = DIRECTION ( 'NONE',  ( -0.000000000000000000, -0.000000000000000000, -1.000000000000000000 ) ) ;
#1511 = DIRECTION ( 'NONE',  ( 0.000000000000000000, 0.000000000000000000, 1.000000000000000000 ) ) ;
#1512 = AXIS2_PLACEMENT_3D ( 'NONE', #931, #1865, #1637 ) ;
#1513 = CARTESIAN_POINT ( 'NONE',  ( 3.999999999999998224, 12.50000000000000000, 25.00000000000000000 ) ) ;
#1514 = ADVANCED_FACE ( 'NONE', ( #1924 ), #2855, .F. ) ;
#1515 = DIRECTION ( 'NONE',  ( 0.000000000000000000, 0.000000000000000000, 1.000000000000000000 ) ) ;
#1516 = LINE ( 'NONE', #1022, #2277 ) ;
#1517 = ORIENTED_EDGE ( 'NONE', *, *, #1988, .T. ) ;
#1518 = VECTOR ( 'NONE', #2153, 1000.000000000000000 ) ;
#1519 = ORIENTED_EDGE ( 'NONE', *, *, #292, .T. ) ;
#1520 = ORIENTED_EDGE ( 'NONE', *, *, #2362, .T. ) ;
#1521 = LINE ( 'NONE', #105, #559 ) ;
#1522 = EDGE_CURVE ( 'NONE', #913, #749, #262, .T. ) ;
#1523 = DIRECTION ( 'NONE',  ( -1.000000000000000000, 0.000000000000000000, 0.000000000000000000 ) ) ;
#1524 = DIRECTION ( 'NONE',  ( -0.000000000000000000, 0.000000000000000000, -1.000000000000000000 ) ) ;
#1525 = FACE_OUTER_BOUND ( 'NONE', #55, .T. ) ;
#1526 = FACE_OUTER_BOUND ( 'NONE', #1402, .T. ) ;
#1527 = CARTESIAN_POINT ( 'NONE',  ( 0.000000000000000000, 0.000000000000000000, 12.00000000000000000 ) ) ;
#1528 = CARTESIAN_POINT ( 'NONE',  ( 0.000000000000000000, 0.000000000000000000, 0.000000000000000000 ) ) ;
#1529 = DIRECTION ( 'NONE',  ( -0.000000000000000000, 0.000000000000000000, 1.000000000000000000 ) ) ;
#1530 = ADVANCED_FACE ( 'NONE', ( #2171 ), #2361, .F. ) ;
#1531 = DIRECTION ( 'NONE',  ( -0.000000000000000000, -0.000000000000000000, -1.000000000000000000 ) ) ;
#1532 = ORIENTED_EDGE ( 'NONE', *, *, #2600, .T. ) ;
#1533 = ORIENTED_EDGE ( 'NONE', *, *, #1838, .F. ) ;
#1534 = EDGE_LOOP ( 'NONE', ( #975, #1669, #1087, #635, #1635, #2467, #2386, #2096 ) ) ;
#1535 = DIRECTION ( 'NONE',  ( -0.000000000000000000, 1.000000000000000000, -0.000000000000000000 ) ) ;
#1536 = CARTESIAN_POINT ( 'NONE',  ( 0.000000000000000000, 325.0762991269879194, 0.000000000000000000 ) ) ;
#1537 = DIRECTION ( 'NONE',  ( 0.000000000000000000, 0.000000000000000000, -1.000000000000000000 ) ) ;
#1538 = EDGE_CURVE ( 'NONE', #1624, #2189, #219, .T. ) ;
#1539 = FACE_OUTER_BOUND ( 'NONE', #2338, .T. ) ;
#1540 = DIRECTION ( 'NONE',  ( 0.000000000000000000, 0.000000000000000000, 1.000000000000000000 ) ) ;
#1541 = DIRECTION ( 'NONE',  ( 1.000000000000000000, 0.000000000000000000, 0.000000000000000000 ) ) ;
#1542 = EDGE_CURVE ( 'NONE', #39, #1375, #1005, .T. ) ;
#1543 = AXIS2_PLACEMENT_3D ( 'NONE', #2197, #603, #2213 ) ;
#1544 = AXIS2_PLACEMENT_3D ( 'NONE', #665, #1417, #637 ) ;
#1545 = FACE_OUTER_BOUND ( 'NONE', #2797, .T. ) ;
#1546 = LOCAL_TIME ( 18, 9, 46.00000000000000000, #1872 ) ;
#1547 = AXIS2_PLACEMENT_3D ( 'NONE', #2154, #531, #1446 ) ;
#1548 = CARTESIAN_POINT ( 'NONE',  ( 155.0000000000000000, 325.0762991269879194, 8.500000000000010658 ) ) ;
#1549 = CARTESIAN_POINT ( 'NONE',  ( 24.99999999999999289, 325.0762991269879194, 8.499999999999996447 ) ) ;
#1550 = ORIENTED_EDGE ( 'NONE', *, *, #2121, .F. ) ;
#1551 = VERTEX_POINT ( 'NONE', #1711 ) ;
#1552 = ORIENTED_EDGE ( 'NONE', *, *, #2288, .T. ) ;
#1553 = DIRECTION ( 'NONE',  ( 1.000000000000000000, 0.000000000000000000, 0.000000000000000000 ) ) ;
#1554 = EDGE_CURVE ( 'NONE', #362, #288, #1053, .T. ) ;
#1555 = ORIENTED_EDGE ( 'NONE', *, *, #1904, .F. ) ;
#1556 = PLANE ( 'NONE',  #978 ) ;
#1557 = CARTESIAN_POINT ( 'NONE',  ( 21.67471647004093427, 366.3184203014566833, 12.00000000000000000 ) ) ;
#1558 = VECTOR ( 'NONE', #2738, 1000.000000000000000 ) ;
#1559 = CARTESIAN_POINT ( 'NONE',  ( 237.0000000000000000, 12.50000000000000000, 0.000000000000000000 ) ) ;
#1560 = LINE ( 'NONE', #1782, #1211 ) ;
#1561 = AXIS2_PLACEMENT_3D ( 'NONE', #1338, #433, #13 ) ;
#1562 = CIRCLE ( 'NONE', #232, 6.000000000000005329 ) ;
#1563 = CARTESIAN_POINT ( 'NONE',  ( 207.9999999999999716, 170.0000000000000000, 5.000000000000000888 ) ) ;
#1564 = DIRECTION ( 'NONE',  ( 0.000000000000000000, 0.000000000000000000, 1.000000000000000000 ) ) ;
#1565 = AXIS2_PLACEMENT_3D ( 'NONE', #2214, #1793, #2746 ) ;
#1566 = ORIENTED_EDGE ( 'NONE', *, *, #1392, .T. ) ;
#1567 = VERTEX_POINT ( 'NONE', #2887 ) ;
#1568 = VERTEX_POINT ( 'NONE', #35 ) ;
#1569 = DIRECTION ( 'NONE',  ( 0.000000000000000000, 0.000000000000000000, 1.000000000000000000 ) ) ;
#1570 = ORIENTED_EDGE ( 'NONE', *, *, #2690, .T. ) ;
#1571 = DIRECTION ( 'NONE',  ( -0.000000000000000000, -0.000000000000000000, 1.000000000000000000 ) ) ;
#1572 = AXIS2_PLACEMENT_3D ( 'NONE', #406, #1129, #221 ) ;
#1573 = DIRECTION ( 'NONE',  ( -1.000000000000000000, 0.000000000000000000, 0.000000000000000000 ) ) ;
#1574 = LINE ( 'NONE', #2935, #1248 ) ;
#1575 = CYLINDRICAL_SURFACE ( 'NONE', #1652, 9.000000000000001776 ) ;
#1576 = EDGE_CURVE ( 'NONE', #955, #1503, #2032, .T. ) ;
#1577 = DIRECTION ( 'NONE',  ( -0.000000000000000000, 1.000000000000000000, -0.000000000000000000 ) ) ;
#1578 = LINE ( 'NONE', #1052, #1390 ) ;
#1579 = ORIENTED_EDGE ( 'NONE', *, *, #385, .T. ) ;
#1580 = ADVANCED_FACE ( 'NONE', ( #212 ), #1148, .F. ) ;
#1581 = ORIENTED_EDGE ( 'NONE', *, *, #1848, .F. ) ;
#1582 = ORIENTED_EDGE ( 'NONE', *, *, #743, .T. ) ;
#1583 = VERTEX_POINT ( 'NONE', #2595 ) ;
#1584 = DIRECTION ( 'NONE',  ( -0.000000000000000000, -0.000000000000000000, -1.000000000000000000 ) ) ;
#1585 = PLANE ( 'NONE',  #459 ) ;
#1586 = CARTESIAN_POINT ( 'NONE',  ( 237.0000000000000000, 12.50000000000000000, 11.00000000000000000 ) ) ;
#1587 = CARTESIAN_POINT ( 'NONE',  ( 17.00000000000000000, 360.0000000000000000, 25.00000000000000000 ) ) ;
#1588 = EDGE_CURVE ( 'NONE', #1387, #1088, #2611, .T. ) ;
#1589 = AXIS2_PLACEMENT_3D ( 'NONE', #2802, #705, #457 ) ;
#1590 = CARTESIAN_POINT ( 'NONE',  ( 13.00000000000001066, 12.50000000000000000, 11.00000000000000000 ) ) ;
#1591 = DIRECTION ( 'NONE',  ( -0.000000000000000000, 0.000000000000000000, 1.000000000000000000 ) ) ;
#1592 = EDGE_LOOP ( 'NONE', ( #911, #1519, #2366, #1133, #2724 ) ) ;
#1593 = VECTOR ( 'NONE', #1220, 1000.000000000000000 ) ;
#1594 = VERTEX_POINT ( 'NONE', #1429 ) ;
#1595 = AXIS2_PLACEMENT_3D ( 'NONE', #1200, #2139, #512 ) ;
#1596 = VERTEX_POINT ( 'NONE', #263 ) ;
#1597 = ORIENTED_EDGE ( 'NONE', *, *, #658, .T. ) ;
#1598 = EDGE_CURVE ( 'NONE', #2143, #717, #19, .T. ) ;
#1599 = DIRECTION ( 'NONE',  ( 0.000000000000000000, 0.000000000000000000, -1.000000000000000000 ) ) ;
#1600 = CARTESIAN_POINT ( 'NONE',  ( 95.00000000000000000, 380.0762991269879194, 16.50000000000000355 ) ) ;
#1601 = DIRECTION ( 'NONE',  ( -1.000000000000000000, 0.000000000000000000, -4.956352788505159323E-16 ) ) ;
#1602 = DIRECTION ( 'NONE',  ( -0.000000000000000000, 0.000000000000000000, 1.000000000000000000 ) ) ;
#1603 = DIRECTION ( 'NONE',  ( -1.000000000000000000, 0.000000000000000000, 0.000000000000000000 ) ) ;
#1604 = CARTESIAN_POINT ( 'NONE',  ( 245.0000000000000000, 225.0000000000000000, 25.00000000000000000 ) ) ;
#1605 = DATE_AND_TIME ( #2305, #119 ) ;
#1606 = VERTEX_POINT ( 'NONE', #1999 ) ;
#1607 = AXIS2_PLACEMENT_3D ( 'NONE', #300, #73, #1962 ) ;
#1608 = VECTOR ( 'NONE', #2028, 1000.000000000000000 ) ;
#1609 = CIRCLE ( 'NONE', #920, 2.000000000000000888 ) ;
#1610 = EDGE_LOOP ( 'NONE', ( #133, #2678 ) ) ;
#1611 = AXIS2_PLACEMENT_3D ( 'NONE', #122, #75, #1012 ) ;
#1612 = VERTEX_POINT ( 'NONE', #863 ) ;
#1613 = VERTEX_POINT ( 'NONE', #2718 ) ;
#1614 = PLANE ( 'NONE',  #2780 ) ;
#1615 = EDGE_CURVE ( 'NONE', #831, #2380, #565, .T. ) ;
#1616 = CARTESIAN_POINT ( 'NONE',  ( 245.0000000000000000, 285.0000000000000000, 25.00000000000000000 ) ) ;
#1617 = CARTESIAN_POINT ( 'NONE',  ( 71.50000000000000000, 380.0762991269879194, 9.000000000000000000 ) ) ;
#1618 = DIRECTION ( 'NONE',  ( -0.000000000000000000, 0.000000000000000000, 1.000000000000000000 ) ) ;
#1619 = EDGE_CURVE ( 'NONE', #1894, #765, #2275, .T. ) ;
#1620 = FACE_OUTER_BOUND ( 'NONE', #1255, .T. ) ;
#1621 = VECTOR ( 'NONE', #2460, 1000.000000000000000 ) ;
#1622 = ORIENTED_EDGE ( 'NONE', *, *, #2721, .T. ) ;
#1623 = ORIENTED_EDGE ( 'NONE', *, *, #2235, .F. ) ;
#1624 = VERTEX_POINT ( 'NONE', #2289 ) ;
#1625 = VERTEX_POINT ( 'NONE', #836 ) ;
#1626 = CARTESIAN_POINT ( 'NONE',  ( 55.00000000000000000, 0.07629912698803309468, 9.000000000000000000 ) ) ;
#1627 = CYLINDRICAL_SURFACE ( 'NONE', #1873, 3.000000000000002665 ) ;
#1628 = EDGE_CURVE ( 'NONE', #393, #1317, #1574, .T. ) ;
#1629 = DIRECTION ( 'NONE',  ( -0.000000000000000000, -0.000000000000000000, -1.000000000000000000 ) ) ;
#1630 = DIRECTION ( 'NONE',  ( 0.000000000000000000, 1.000000000000000000, -0.000000000000000000 ) ) ;
#1631 = EDGE_CURVE ( 'NONE', #2565, #1287, #2278, .T. ) ;
#1632 = PLANE ( 'NONE',  #642 ) ;
#1633 = ORIENTED_EDGE ( 'NONE', *, *, #130, .T. ) ;
#1634 = VERTEX_POINT ( 'NONE', #2734 ) ;
#1635 = ORIENTED_EDGE ( 'NONE', *, *, #2090, .F. ) ;
#1636 = ORIENTED_EDGE ( 'NONE', *, *, #1916, .T. ) ;
#1637 = DIRECTION ( 'NONE',  ( 1.000000000000000000, 0.000000000000000000, 0.000000000000000000 ) ) ;
#1638 = APPROVAL_PERSON_ORGANIZATION ( #868, #352, #1890 ) ;
#1639 = AXIS2_PLACEMENT_3D ( 'NONE', #1725, #2311, #746 ) ;
#1640 = ADVANCED_FACE ( 'NONE', ( #1526 ), #1767, .F. ) ;
#1641 = DIRECTION ( 'NONE',  ( -0.000000000000000000, -0.000000000000000000, -1.000000000000000000 ) ) ;
#1642 = DIRECTION ( 'NONE',  ( 0.000000000000000000, 0.000000000000000000, 1.000000000000000000 ) ) ;
#1643 = CARTESIAN_POINT ( 'NONE',  ( 21.67471647004093427, 325.0762991269879194, 12.49999999999999645 ) ) ;
#1644 = CARTESIAN_POINT ( 'NONE',  ( 0.000000000000000000, 4.076299126988033095, 21.00000000000000000 ) ) ;
#1645 = AXIS2_PLACEMENT_3D ( 'NONE', #2226, #2909, #2862 ) ;
#1646 = COORDINATED_UNIVERSAL_TIME_OFFSET ( 8, 0, .AHEAD. ) ;
#1647 = EDGE_CURVE ( 'NONE', #103, #52, #2963, .T. ) ;
#1648 = AXIS2_PLACEMENT_3D ( 'NONE', #2301, #807, #1281 ) ;
#1649 = EDGE_LOOP ( 'NONE', ( #930, #1146 ) ) ;
#1650 = DIRECTION ( 'NONE',  ( -1.000000000000000000, 0.000000000000000000, 0.000000000000000000 ) ) ;
#1651 = EDGE_CURVE ( 'NONE', #2051, #346, #2027, .T. ) ;
#1652 = AXIS2_PLACEMENT_3D ( 'NONE', #669, #893, #1603 ) ;
#1653 = ORIENTED_EDGE ( 'NONE', *, *, #2961, .F. ) ;
#1654 = EDGE_LOOP ( 'NONE', ( #2468, #858, #1860, #2539 ) ) ;
#1655 = CARTESIAN_POINT ( 'NONE',  ( 237.0000000000000000, 12.50000000000000000, 25.00000000000000000 ) ) ;
#1656 = LINE ( 'NONE', #2602, #1190 ) ;
#1657 = DIRECTION ( 'NONE',  ( 0.000000000000000000, 0.000000000000000000, -1.000000000000000000 ) ) ;
#1658 = EDGE_CURVE ( 'NONE', #2856, #442, #1109, .T. ) ;
#1659 = LINE ( 'NONE', #2588, #69 ) ;
#1660 = VERTEX_POINT ( 'NONE', #1308 ) ;
#1661 = FACE_OUTER_BOUND ( 'NONE', #699, .T. ) ;
#1662 = AXIS2_PLACEMENT_3D ( 'NONE', #2838, #1678, #2185 ) ;
#1663 = SECURITY_CLASSIFICATION_LEVEL ( 'unclassified' ) ;
#1664 = CC_DESIGN_DATE_AND_TIME_ASSIGNMENT ( #2077, #2109, ( #583 ) ) ;
#1665 = DIRECTION ( 'NONE',  ( -0.000000000000000000, -0.000000000000000000, -1.000000000000000000 ) ) ;
#1666 = AXIS2_PLACEMENT_3D ( 'NONE', #1489, #2391, #1226 ) ;
#1667 = ORIENTED_EDGE ( 'NONE', *, *, #142, .F. ) ;
#1668 = FACE_BOUND ( 'NONE', #485, .T. ) ;
#1669 = ORIENTED_EDGE ( 'NONE', *, *, #2946, .T. ) ;
#1670 = EDGE_LOOP ( 'NONE', ( #321, #1821 ) ) ;
#1671 = DIRECTION ( 'NONE',  ( -1.000000000000000000, 0.000000000000000000, 0.000000000000000000 ) ) ;
#1672 = EDGE_CURVE ( 'NONE', #765, #1989, #1752, .T. ) ;
#1673 = LINE ( 'NONE', #3017, #15 ) ;
#1674 = DIRECTION ( 'NONE',  ( -1.000000000000000000, 0.000000000000000000, 0.000000000000000000 ) ) ;
#1675 = DIRECTION ( 'NONE',  ( 1.000000000000000000, -0.000000000000000000, 0.000000000000000000 ) ) ;
#1676 = VERTEX_POINT ( 'NONE', #2232 ) ;
#1677 = DIRECTION ( 'NONE',  ( -0.000000000000000000, 0.000000000000000000, 1.000000000000000000 ) ) ;
#1678 = DIRECTION ( 'NONE',  ( 0.000000000000000000, 1.000000000000000000, -0.000000000000000000 ) ) ;
#1679 = ADVANCED_FACE ( 'NONE', ( #125 ), #2016, .F. ) ;
#1680 = DIRECTION ( 'NONE',  ( -1.000000000000000000, 0.000000000000000000, 0.000000000000000000 ) ) ;
#1681 = ORIENTED_EDGE ( 'NONE', *, *, #1861, .F. ) ;
#1682 = LINE ( 'NONE', #515, #1593 ) ;
#1683 = ORIENTED_EDGE ( 'NONE', *, *, #1315, .F. ) ;
#1684 = ORIENTED_EDGE ( 'NONE', *, *, #1324, .F. ) ;
#1685 = CARTESIAN_POINT ( 'NONE',  ( 138.5000000000000000, 280.0000000000000000, 25.00000000000000000 ) ) ;
#1686 = VECTOR ( 'NONE', #835, 1000.000000000000000 ) ;
#1687 = DIRECTION ( 'NONE',  ( 1.000000000000000000, -0.000000000000000000, 0.000000000000000000 ) ) ;
#1688 = EDGE_CURVE ( 'NONE', #39, #1851, #1081, .T. ) ;
#1689 = FACE_BOUND ( 'NONE', #915, .T. ) ;
#1690 = CARTESIAN_POINT ( 'NONE',  ( 0.000000000000000000, 0.000000000000000000, 12.00000000000000000 ) ) ;
#1691 = ORIENTED_EDGE ( 'NONE', *, *, #947, .F. ) ;
#1692 = DIRECTION ( 'NONE',  ( -0.000000000000000000, 0.000000000000000000, -1.000000000000000000 ) ) ;
#1693 = LINE ( 'NONE', #760, #2833 ) ;
#1694 = CARTESIAN_POINT ( 'NONE',  ( 44.99999999999998579, 110.0000000000000142, 25.00000000000000000 ) ) ;
#1695 = EDGE_LOOP ( 'NONE', ( #197, #2482, #208, #1775 ) ) ;
#1696 = DIRECTION ( 'NONE',  ( 1.000000000000000000, -0.000000000000000000, 0.000000000000000000 ) ) ;
#1697 = AXIS2_PLACEMENT_3D ( 'NONE', #2951, #1972, #2903 ) ;
#1698 = ORIENTED_EDGE ( 'NONE', *, *, #725, .F. ) ;
#1699 = VERTEX_POINT ( 'NONE', #1781 ) ;
#1700 = DIRECTION ( 'NONE',  ( -0.000000000000000000, -0.000000000000000000, -1.000000000000000000 ) ) ;
#1701 = CARTESIAN_POINT ( 'NONE',  ( 191.5000000000000000, 380.0762991269879194, 9.000000000000000000 ) ) ;
#1702 = CIRCLE ( 'NONE', #32, 9.000000000000001776 ) ;
#1703 = PLANE ( 'NONE',  #2210 ) ;
#1704 = CARTESIAN_POINT ( 'NONE',  ( 58.50000000000000000, 0.07629912698803309468, 9.000000000000000000 ) ) ;
#1705 = ORIENTED_EDGE ( 'NONE', *, *, #1116, .F. ) ;
#1706 = VECTOR ( 'NONE', #211, 1000.000000000000000 ) ;
#1707 = DIRECTION ( 'NONE',  ( 1.000000000000000000, -0.000000000000000000, 0.000000000000000000 ) ) ;
#1708 = DIRECTION ( 'NONE',  ( -1.000000000000000000, 0.000000000000000000, 0.000000000000000000 ) ) ;
#1709 = EDGE_CURVE ( 'NONE', #942, #2066, #2060, .T. ) ;
#1710 = AXIS2_PLACEMENT_3D ( 'NONE', #1444, #1708, #494 ) ;
#1711 = CARTESIAN_POINT ( 'NONE',  ( 3.000000000000003553, 260.0000000000000000, 25.00000000000000000 ) ) ;
#1712 = EDGE_LOOP ( 'NONE', ( #2402, #2829, #899, #2510 ) ) ;
#1713 = DIRECTION ( 'NONE',  ( -0.000000000000000000, 0.000000000000000000, -1.000000000000000000 ) ) ;
#1714 = ORIENTED_EDGE ( 'NONE', *, *, #2099, .F. ) ;
#1715 = VERTEX_POINT ( 'NONE', #2949 ) ;
#1716 = DIRECTION ( 'NONE',  ( 0.000000000000000000, 1.000000000000000000, 0.000000000000000000 ) ) ;
#1717 = AXIS2_PLACEMENT_3D ( 'NONE', #303, #2198, #1242 ) ;
#1718 = DIRECTION ( 'NONE',  ( -1.000000000000000000, 0.000000000000000000, 0.000000000000000000 ) ) ;
#1719 = EDGE_CURVE ( 'NONE', #1676, #2067, #2043, .T. ) ;
#1720 = VERTEX_POINT ( 'NONE', #2262 ) ;
#1721 = CARTESIAN_POINT ( 'NONE',  ( 87.50000000000002842, 280.0000000000000000, 12.00000000000000000 ) ) ;
#1722 = ADVANCED_FACE ( 'NONE', ( #2980, #157 ), #652, .F. ) ;
#1723 = CARTESIAN_POINT ( 'NONE',  ( 22.00000000000000000, 12.50000000000000178, 11.00000000000000000 ) ) ;
#1724 = CYLINDRICAL_SURFACE ( 'NONE', #825, 4.000000000000000000 ) ;
#1725 = CARTESIAN_POINT ( 'NONE',  ( 89.00000000000002842, 280.0000000000000000, 25.00000000000000000 ) ) ;
#1726 = CARTESIAN_POINT ( 'NONE',  ( 97.86384204059322656, 160.0762991269880047, 12.00000000000000178 ) ) ;
#1727 = EDGE_LOOP ( 'NONE', ( #439, #1579, #293, #166 ) ) ;
#1728 = ORIENTED_EDGE ( 'NONE', *, *, #2895, .T. ) ;
#1729 = CARTESIAN_POINT ( 'NONE',  ( 13.00000000000001066, 12.50000000000000000, 0.000000000000000000 ) ) ;
#1730 = VERTEX_POINT ( 'NONE', #878 ) ;
#1731 = DIRECTION ( 'NONE',  ( -0.000000000000000000, 0.000000000000000000, -1.000000000000000000 ) ) ;
#1732 = VECTOR ( 'NONE', #1288, 1000.000000000000000 ) ;
#1733 = ORIENTED_EDGE ( 'NONE', *, *, #2074, .F. ) ;
#1734 = DIRECTION ( 'NONE',  ( -1.000000000000000000, 0.000000000000000000, 0.000000000000000000 ) ) ;
#1735 = DIRECTION ( 'NONE',  ( -0.000000000000000000, -0.000000000000000000, -1.000000000000000000 ) ) ;
#1736 = CIRCLE ( 'NONE', #117, 1.500000000000001332 ) ;
#1737 = FACE_OUTER_BOUND ( 'NONE', #2320, .T. ) ;
#1738 = CARTESIAN_POINT ( 'NONE',  ( 153.3638420405932266, 160.0762991269880047, 12.00000000000000178 ) ) ;
#1739 = VECTOR ( 'NONE', #2379, 1000.000000000000000 ) ;
#1740 = CARTESIAN_POINT ( 'NONE',  ( 246.5000000000000284, 285.0000000000000000, 12.00000000000000000 ) ) ;
#1741 = CARTESIAN_POINT ( 'NONE',  ( 0.6138420405932265567, 0.000000000000000000, 25.00000000000000000 ) ) ;
#1742 = ADVANCED_FACE ( 'NONE', ( #1813 ), #2749, .F. ) ;
#1743 = CARTESIAN_POINT ( 'NONE',  ( 55.00000000000000000, -35.92370087301227954, 18.00000000000000000 ) ) ;
#1744 = EDGE_LOOP ( 'NONE', ( #2124, #2876 ) ) ;
#1745 = CIRCLE ( 'NONE', #423, 3.000000000000002665 ) ;
#1746 = VERTEX_POINT ( 'NONE', #2356 ) ;
#1747 = CARTESIAN_POINT ( 'NONE',  ( 0.000000000000000000, 0.000000000000000000, 12.00000000000000000 ) ) ;
#1748 = DIRECTION ( 'NONE',  ( -0.000000000000000000, 0.000000000000000000, 1.000000000000000000 ) ) ;
#1749 = DIRECTION ( 'NONE',  ( 1.000000000000000000, 0.000000000000000000, 0.000000000000000000 ) ) ;
#1750 = CARTESIAN_POINT ( 'NONE',  ( 155.0000000000000000, 380.0762991269879194, 12.50000000000000355 ) ) ;
#1751 = VECTOR ( 'NONE', #2558, 1000.000000000000000 ) ;
#1752 = LINE ( 'NONE', #1292, #2912 ) ;
#1753 = FACE_OUTER_BOUND ( 'NONE', #2889, .T. ) ;
#1754 = AXIS2_PLACEMENT_3D ( 'NONE', #784, #1716, #551 ) ;
#1755 = DIRECTION ( 'NONE',  ( -1.000000000000000000, 0.000000000000000000, 0.000000000000000000 ) ) ;
#1756 = CARTESIAN_POINT ( 'NONE',  ( 12.99999999999999645, 360.0000000000000000, 25.00000000000000000 ) ) ;
#1757 = DIRECTION ( 'NONE',  ( 1.000000000000000000, 0.000000000000000000, 0.000000000000000000 ) ) ;
#1758 = ORIENTED_EDGE ( 'NONE', *, *, #275, .F. ) ;
#1759 = EDGE_LOOP ( 'NONE', ( #2771, #1433 ) ) ;
#1760 = ORIENTED_EDGE ( 'NONE', *, *, #304, .T. ) ;
#1761 = FACE_OUTER_BOUND ( 'NONE', #869, .T. ) ;
#1762 = ORIENTED_EDGE ( 'NONE', *, *, #1554, .T. ) ;
#1763 = EDGE_CURVE ( 'NONE', #1874, #2169, #2547, .T. ) ;
#1764 = DIRECTION ( 'NONE',  ( -1.000000000000000000, 0.000000000000000000, 0.000000000000000000 ) ) ;
#1765 = CIRCLE ( 'NONE', #2155, 2.000000000000003553 ) ;
#1766 = CARTESIAN_POINT ( 'NONE',  ( 58.50000000000000000, 0.07629912698803309468, 0.000000000000000000 ) ) ;
#1767 = PLANE ( 'NONE',  #952 ) ;
#1768 = LINE ( 'NONE', #340, #186 ) ;
#1769 = DIRECTION ( 'NONE',  ( -0.000000000000000000, 0.000000000000000000, 1.000000000000000000 ) ) ;
#1770 = LINE ( 'NONE', #809, #228 ) ;
#1771 = EDGE_CURVE ( 'NONE', #2144, #1974, #1765, .T. ) ;
#1772 =( LENGTH_UNIT ( ) NAMED_UNIT ( * ) SI_UNIT ( .MILLI., .METRE. ) );
#1773 = VERTEX_POINT ( 'NONE', #255 ) ;
#1774 = ORIENTED_EDGE ( 'NONE', *, *, #541, .T. ) ;
#1775 = ORIENTED_EDGE ( 'NONE', *, *, #2660, .T. ) ;
#1776 = CARTESIAN_POINT ( 'NONE',  ( 95.00000000000000000, 325.0762991269879194, 8.499999999999989342 ) ) ;
#1777 = CARTESIAN_POINT ( 'NONE',  ( 15.00000000000001421, 260.0000000000000000, 12.00000000000000000 ) ) ;
#1778 = DIRECTION ( 'NONE',  ( -0.000000000000000000, -0.000000000000000000, -1.000000000000000000 ) ) ;
#1779 = CARTESIAN_POINT ( 'NONE',  ( 246.5000000000000000, 345.0000000000000000, 25.00000000000000000 ) ) ;
#1780 = EDGE_CURVE ( 'NONE', #749, #511, #1856, .T. ) ;
#1781 = CARTESIAN_POINT ( 'NONE',  ( 225.0000000000000000, 380.0762991269879194, 16.49999999999998934 ) ) ;
#1782 = CARTESIAN_POINT ( 'NONE',  ( 21.67471647004093427, 366.3184203014566833, 12.00000000000000000 ) ) ;
#1783 = AXIS2_PLACEMENT_3D ( 'NONE', #846, #1472, #891 ) ;
#1784 = VECTOR ( 'NONE', #296, 1000.000000000000000 ) ;
#1785 = CIRCLE ( 'NONE', #2810, 1.500000000000001332 ) ;
#1786 = DIRECTION ( 'NONE',  ( -1.000000000000000000, 0.000000000000000000, -0.000000000000000000 ) ) ;
#1787 = CARTESIAN_POINT ( 'NONE',  ( 24.99999999999999289, 325.0762991269879194, 12.49999999999999645 ) ) ;
#1788 = ORIENTED_EDGE ( 'NONE', *, *, #1092, .T. ) ;
#1789 = ORIENTED_EDGE ( 'NONE', *, *, #1576, .F. ) ;
#1790 = VERTEX_POINT ( 'NONE', #1617 ) ;
#1791 = DIRECTION ( 'NONE',  ( 0.000000000000000000, 0.000000000000000000, -1.000000000000000000 ) ) ;
#1792 = ORIENTED_EDGE ( 'NONE', *, *, #3032, .T. ) ;
#1793 = DIRECTION ( 'NONE',  ( -0.000000000000000000, -0.000000000000000000, -1.000000000000000000 ) ) ;
#1794 = CARTESIAN_POINT ( 'NONE',  ( 16.16879529190786258, 4.076299126988033095, 25.00000000000000000 ) ) ;
#1795 = DIRECTION ( 'NONE',  ( 0.000000000000000000, -0.000000000000000000, 1.000000000000000000 ) ) ;
#1796 = VECTOR ( 'NONE', #1437, 1000.000000000000000 ) ;
#1797 = CARTESIAN_POINT ( 'NONE',  ( 3.000000000000003553, 260.0000000000000000, 12.00000000000000000 ) ) ;
#1798 = AXIS2_PLACEMENT_3D ( 'NONE', #2720, #2916, #1495 ) ;
#1799 = VECTOR ( 'NONE', #1671, 1000.000000000000000 ) ;
#1800 = EDGE_CURVE ( 'NONE', #1441, #1360, #202, .T. ) ;
#1801 = LINE ( 'NONE', #1548, #1558 ) ;
#1802 = APPROVAL_STATUS ( 'not_yet_approved' ) ;
#1803 = VECTOR ( 'NONE', #3014, 1000.000000000000000 ) ;
#1804 = VERTEX_POINT ( 'NONE', #2791 ) ;
#1805 = ORIENTED_EDGE ( 'NONE', *, *, #275, .T. ) ;
#1806 = ADVANCED_FACE ( 'NONE', ( #682 ), #244, .F. ) ;
#1807 = ORIENTED_EDGE ( 'NONE', *, *, #974, .T. ) ;
#1808 = EDGE_LOOP ( 'NONE', ( #1269, #1176 ) ) ;
#1809 = CARTESIAN_POINT ( 'NONE',  ( 159.5000000000000284, 280.0000000000000000, 25.00000000000000000 ) ) ;
#1810 = VECTOR ( 'NONE', #2218, 1000.000000000000000 ) ;
#1811 = DIRECTION ( 'NONE',  ( -1.000000000000000000, 0.000000000000000000, 0.000000000000000000 ) ) ;
#1812 = ADVANCED_FACE ( 'NONE', ( #921 ), #2104, .F. ) ;
#1813 = FACE_OUTER_BOUND ( 'NONE', #1913, .T. ) ;
#1814 = DIRECTION ( 'NONE',  ( -0.000000000000000000, -0.000000000000000000, -1.000000000000000000 ) ) ;
#1815 = DIRECTION ( 'NONE',  ( -0.000000000000000000, 0.000000000000000000, 1.000000000000000000 ) ) ;
#1816 = LINE ( 'NONE', #2479, #2614 ) ;
#1817 = EDGE_CURVE ( 'NONE', #2542, #1790, #707, .T. ) ;
#1818 = EDGE_LOOP ( 'NONE', ( #2296, #1597, #2772, #2786 ) ) ;
#1819 = ORIENTED_EDGE ( 'NONE', *, *, #1947, .F. ) ;
#1820 = EDGE_CURVE ( 'NONE', #1746, #346, #2557, .T. ) ;
#1821 = ORIENTED_EDGE ( 'NONE', *, *, #1296, .T. ) ;
#1822 = ORIENTED_EDGE ( 'NONE', *, *, #1542, .T. ) ;
#1823 = LINE ( 'NONE', #2100, #1706 ) ;
#1824 = DIRECTION ( 'NONE',  ( 1.000000000000000000, 0.000000000000000000, 0.000000000000000000 ) ) ;
#1825 = DIRECTION ( 'NONE',  ( -0.000000000000000000, 0.000000000000000000, 1.000000000000000000 ) ) ;
#1826 = DIRECTION ( 'NONE',  ( -1.000000000000000000, 0.000000000000000000, 0.000000000000000000 ) ) ;
#1827 = EDGE_CURVE ( 'NONE', #1989, #1317, #1366, .T. ) ;
#1828 = CARTESIAN_POINT ( 'NONE',  ( 195.0000000000000000, 380.0762991269879194, 9.000000000000000000 ) ) ;
#1829 = DIRECTION ( 'NONE',  ( -1.000000000000000000, 0.000000000000000000, 0.000000000000000000 ) ) ;
#1830 = AXIS2_PLACEMENT_3D ( 'NONE', #2112, #1403, #1573 ) ;
#1831 = ORIENTED_EDGE ( 'NONE', *, *, #2742, .T. ) ;
#1832 = CIRCLE ( 'NONE', #2031, 1.500000000000001332 ) ;
#1833 = ADVANCED_FACE ( 'NONE', ( #2818 ), #2327, .F. ) ;
#1834 = VERTEX_POINT ( 'NONE', #2546 ) ;
#1835 = ORIENTED_EDGE ( 'NONE', *, *, #2135, .F. ) ;
#1836 = ORIENTED_EDGE ( 'NONE', *, *, #2895, .F. ) ;
#1837 = CARTESIAN_POINT ( 'NONE',  ( 24.99999999999999289, 325.0762991269879194, 12.49999999999999645 ) ) ;
#1838 = EDGE_CURVE ( 'NONE', #440, #2253, #2572, .T. ) ;
#1839 = DIRECTION ( 'NONE',  ( -0.000000000000000000, -0.000000000000000000, -1.000000000000000000 ) ) ;
#1840 = CARTESIAN_POINT ( 'NONE',  ( 161.0000000000000284, 280.0000000000000000, 12.00000000000000000 ) ) ;
#1841 = CYLINDRICAL_SURFACE ( 'NONE', #2731, 2.000000000000000888 ) ;
#1842 = AXIS2_PLACEMENT_3D ( 'NONE', #2206, #2676, #1036 ) ;
#1843 = FACE_OUTER_BOUND ( 'NONE', #2435, .T. ) ;
#1844 = PERSON_AND_ORGANIZATION ( #2, #1439 ) ;
#1845 = EDGE_LOOP ( 'NONE', ( #987, #2667 ) ) ;
#1846 = AXIS2_PLACEMENT_3D ( 'NONE', #576, #1510, #339 ) ;
#1847 = CIRCLE ( 'NONE', #2388, 1.500000000000001332 ) ;
#1848 = EDGE_CURVE ( 'NONE', #1897, #2856, #2694, .T. ) ;
#1849 = VERTEX_POINT ( 'NONE', #2587 ) ;
#1850 = ORIENTED_EDGE ( 'NONE', *, *, #2000, .T. ) ;
#1851 = VERTEX_POINT ( 'NONE', #2531 ) ;
#1852 = CARTESIAN_POINT ( 'NONE',  ( 6.999999999999995559, 12.50000000000000000, 11.00000000000000000 ) ) ;
#1853 = CARTESIAN_POINT ( 'NONE',  ( 204.9999999999999716, 109.9999999999999858, 5.000000000000000888 ) ) ;
#1854 = ADVANCED_FACE ( 'NONE', ( #1138 ), #1181, .F. ) ;
#1855 = AXIS2_PLACEMENT_3D ( 'NONE', #1397, #2304, #1829 ) ;
#1856 = LINE ( 'NONE', #2302, #394 ) ;
#1857 = DIRECTION ( 'NONE',  ( 0.000000000000000000, -0.000000000000000000, 1.000000000000000000 ) ) ;
#1858 = LINE ( 'NONE', #684, #2056 ) ;
#1859 = VECTOR ( 'NONE', #27, 1000.000000000000000 ) ;
#1860 = ORIENTED_EDGE ( 'NONE', *, *, #318, .F. ) ;
#1861 = EDGE_CURVE ( 'NONE', #2999, #466, #2837, .T. ) ;
#1862 = EDGE_LOOP ( 'NONE', ( #319, #2568, #506, #2830 ) ) ;
#1863 = ORIENTED_EDGE ( 'NONE', *, *, #1086, .F. ) ;
#1864 = VERTEX_POINT ( 'NONE', #722 ) ;
#1865 = DIRECTION ( 'NONE',  ( -0.000000000000000000, 0.000000000000000000, 1.000000000000000000 ) ) ;
#1866 = LINE ( 'NONE', #2585, #2123 ) ;
#1867 = DIRECTION ( 'NONE',  ( -1.000000000000000000, 0.000000000000000000, 0.000000000000000000 ) ) ;
#1868 = DIRECTION ( 'NONE',  ( -1.000000000000000000, 0.000000000000000000, 0.000000000000000000 ) ) ;
#1869 = ADVANCED_FACE ( 'NONE', ( #446, #2314, #491, #215, #1902, #770, #43, #2181, #755, #2882, #789, #573, #2149, #95, #2424, #1689, #2371, #271, #555 ), #1966, .T. ) ;
#1870 = CYLINDRICAL_SURFACE ( 'NONE', #912, 4.000000000000007105 ) ;
#1871 = ADVANCED_FACE ( 'NONE', ( #539 ), #1210, .F. ) ;
#1872 = COORDINATED_UNIVERSAL_TIME_OFFSET ( 8, 0, .AHEAD. ) ;
#1873 = AXIS2_PLACEMENT_3D ( 'NONE', #1393, #1641, #2179 ) ;
#1874 = VERTEX_POINT ( 'NONE', #2619 ) ;
#1875 = ORIENTED_EDGE ( 'NONE', *, *, #2201, .F. ) ;
#1876 = CARTESIAN_POINT ( 'NONE',  ( 0.000000000000000000, 380.0762991269879194, 25.00000000000000000 ) ) ;
#1877 = AXIS2_PLACEMENT_3D ( 'NONE', #1996, #2914, #2458 ) ;
#1878 = ORIENTED_EDGE ( 'NONE', *, *, #1392, .F. ) ;
#1879 = EDGE_CURVE ( 'NONE', #1583, #206, #1275, .T. ) ;
#1880 = ORIENTED_EDGE ( 'NONE', *, *, #76, .F. ) ;
#1881 = CARTESIAN_POINT ( 'NONE',  ( 12.99999999999999645, 360.0000000000000000, 12.00000000000000000 ) ) ;
#1882 = CIRCLE ( 'NONE', #2717, 1.500000000000001332 ) ;
#1883 = CARTESIAN_POINT ( 'NONE',  ( 195.0000000000000000, 380.0762991269879194, 18.00000000000000000 ) ) ;
#1884 = DIRECTION ( 'NONE',  ( -1.000000000000000000, 0.000000000000000000, 0.000000000000000000 ) ) ;
#1885 = DIRECTION ( 'NONE',  ( 0.000000000000000000, 0.000000000000000000, 1.000000000000000000 ) ) ;
#1886 = ORIENTED_EDGE ( 'NONE', *, *, #61, .T. ) ;
#1887 = ADVANCED_FACE ( 'NONE', ( #963 ), #1703, .T. ) ;
#1888 = DIRECTION ( 'NONE',  ( 0.000000000000000000, -1.000000000000000000, 0.000000000000000000 ) ) ;
#1889 = CIRCLE ( 'NONE', #324, 2.000000000000001776 ) ;
#1890 = APPROVAL_ROLE ( '' ) ;
#1891 = ADVANCED_FACE ( 'NONE', ( #1456 ), #1192, .T. ) ;
#1892 = CARTESIAN_POINT ( 'NONE',  ( 137.0000000000000000, 280.0000000000000000, 25.00000000000000000 ) ) ;
#1893 = CIRCLE ( 'NONE', #81, 2.000000000000001776 ) ;
#1894 = VERTEX_POINT ( 'NONE', #1013 ) ;
#1895 = FACE_OUTER_BOUND ( 'NONE', #2114, .T. ) ;
#1896 = CIRCLE ( 'NONE', #428, 3.000000000000002665 ) ;
#1897 = VERTEX_POINT ( 'NONE', #1473 ) ;
#1898 = ORIENTED_EDGE ( 'NONE', *, *, #2099, .T. ) ;
#1899 = CYLINDRICAL_SURFACE ( 'NONE', #727, 2.000000000000003553 ) ;
#1900 = CIRCLE ( 'NONE', #582, 6.000000000000015987 ) ;
#1901 = DIRECTION ( 'NONE',  ( 0.000000000000000000, -1.000000000000000000, 0.000000000000000000 ) ) ;
#1902 = FACE_BOUND ( 'NONE', #1348, .T. ) ;
#1903 = CARTESIAN_POINT ( 'NONE',  ( 237.0000000000000000, 12.50000000000000000, 25.00000000000000000 ) ) ;
#1904 = EDGE_CURVE ( 'NONE', #2925, #1790, #2604, .T. ) ;
#1905 = VERTEX_POINT ( 'NONE', #1721 ) ;
#1906 = DIRECTION ( 'NONE',  ( -0.000000000000000000, -0.000000000000000000, -1.000000000000000000 ) ) ;
#1907 = VECTOR ( 'NONE', #1906, 1000.000000000000000 ) ;
#1908 = ORIENTED_EDGE ( 'NONE', *, *, #2062, .T. ) ;
#1909 = DIRECTION ( 'NONE',  ( 1.000000000000000000, 0.000000000000000000, 0.000000000000000000 ) ) ;
#1910 = ADVANCED_FACE ( 'NONE', ( #1259 ), #286, .T. ) ;
#1911 = ORIENTED_EDGE ( 'NONE', *, *, #2672, .F. ) ;
#1912 = CYLINDRICAL_SURFACE ( 'NONE', #561, 1.500000000000001332 ) ;
#1913 = EDGE_LOOP ( 'NONE', ( #399, #1936, #2403, #1758 ) ) ;
#1914 = ORIENTED_EDGE ( 'NONE', *, *, #2946, .F. ) ;
#1915 = DIRECTION ( 'NONE',  ( -1.000000000000000000, 0.000000000000000000, 0.000000000000000000 ) ) ;
#1916 = EDGE_CURVE ( 'NONE', #380, #251, #3034, .T. ) ;
#1917 = FACE_OUTER_BOUND ( 'NONE', #2416, .T. ) ;
#1918 = DIRECTION ( 'NONE',  ( -0.000000000000000000, 0.000000000000000000, 1.000000000000000000 ) ) ;
#1919 = CARTESIAN_POINT ( 'NONE',  ( 155.3638420405932266, 160.0762991269880047, 12.00000000000000178 ) ) ;
#1920 = ORIENTED_EDGE ( 'NONE', *, *, #865, .T. ) ;
#1921 = ADVANCED_FACE ( 'NONE', ( #2668 ), #2407, .F. ) ;
#1922 = DIRECTION ( 'NONE',  ( 0.000000000000000000, 0.000000000000000000, -1.000000000000000000 ) ) ;
#1923 = CARTESIAN_POINT ( 'NONE',  ( 95.86384204059322656, 160.0762991269880047, 12.00000000000000178 ) ) ;
#1924 = FACE_OUTER_BOUND ( 'NONE', #1252, .T. ) ;
#1925 = ORIENTED_EDGE ( 'NONE', *, *, #2201, .T. ) ;
#1926 = DIRECTION ( 'NONE',  ( 0.000000000000000000, 0.000000000000000000, 1.000000000000000000 ) ) ;
#1927 = ORIENTED_EDGE ( 'NONE', *, *, #356, .F. ) ;
#1928 = ORIENTED_EDGE ( 'NONE', *, *, #1522, .T. ) ;
#1929 = EDGE_CURVE ( 'NONE', #251, #380, #883, .T. ) ;
#1930 = DIRECTION ( 'NONE',  ( 0.000000000000000000, -1.000000000000000000, 0.000000000000000000 ) ) ;
#1931 = AXIS2_PLACEMENT_3D ( 'NONE', #1061, #574, #1322 ) ;
#1932 = DIRECTION ( 'NONE',  ( -0.000000000000000000, -0.000000000000000000, -1.000000000000000000 ) ) ;
#1933 = CARTESIAN_POINT ( 'NONE',  ( 15.00000000000001421, 260.0000000000000000, 25.00000000000000000 ) ) ;
#1934 = AXIS2_PLACEMENT_3D ( 'NONE', #607, #2247, #1351 ) ;
#1935 = CARTESIAN_POINT ( 'NONE',  ( 178.5000000000000000, -35.92370087301227954, 0.000000000000000000 ) ) ;
#1936 = ORIENTED_EDGE ( 'NONE', *, *, #1073, .T. ) ;
#1937 = CARTESIAN_POINT ( 'NONE',  ( 246.5000000000000000, 345.0000000000000000, 25.00000000000000000 ) ) ;
#1938 = DIRECTION ( 'NONE',  ( -0.000000000000000000, -0.000000000000000000, -1.000000000000000000 ) ) ;
#1939 = EDGE_CURVE ( 'NONE', #2542, #2485, #2443, .T. ) ;
#1940 = LINE ( 'NONE', #2657, #1739 ) ;
#1941 = EDGE_LOOP ( 'NONE', ( #1221, #763 ) ) ;
#1942 = FACE_OUTER_BOUND ( 'NONE', #813, .T. ) ;
#1943 = AXIS2_PLACEMENT_3D ( 'NONE', #626, #1529, #866 ) ;
#1944 = VERTEX_POINT ( 'NONE', #1438 ) ;
#1945 = EDGE_LOOP ( 'NONE', ( #2638, #168 ) ) ;
#1946 = DIRECTION ( 'NONE',  ( -1.000000000000000000, 0.000000000000000000, 0.000000000000000000 ) ) ;
#1947 = EDGE_CURVE ( 'NONE', #2859, #2499, #2592, .T. ) ;
#1948 = VECTOR ( 'NONE', #2372, 1000.000000000000000 ) ;
#1949 = CYLINDRICAL_SURFACE ( 'NONE', #715, 2.000000000000003553 ) ;
#1950 = AXIS2_PLACEMENT_3D ( 'NONE', #1557, #337, #108 ) ;
#1951 = CYLINDRICAL_SURFACE ( 'NONE', #706, 2.000000000000003553 ) ;
#1952 = DIRECTION ( 'NONE',  ( 1.000000000000000000, 0.000000000000000000, -0.000000000000000000 ) ) ;
#1953 = AXIS2_PLACEMENT_3D ( 'NONE', #1377, #1135, #2555 ) ;
#1954 = EDGE_CURVE ( 'NONE', #1419, #467, #620, .T. ) ;
#1955 = DIRECTION ( 'NONE',  ( 1.000000000000000000, 0.000000000000000000, 0.000000000000000000 ) ) ;
#1956 = CARTESIAN_POINT ( 'NONE',  ( 44.99999999999998579, 170.0000000000000000, 25.00000000000000000 ) ) ;
#1957 = AXIS2_PLACEMENT_3D ( 'NONE', #1644, #2122, #2168 ) ;
#1958 = PLANE ( 'NONE',  #2369 ) ;
#1959 = DIRECTION ( 'NONE',  ( 1.000000000000000000, 0.000000000000000000, 0.000000000000000000 ) ) ;
#1960 = ORIENTED_EDGE ( 'NONE', *, *, #2215, .T. ) ;
#1961 = ORIENTED_EDGE ( 'NONE', *, *, #2362, .F. ) ;
#1962 = DIRECTION ( 'NONE',  ( -1.000000000000000000, 0.000000000000000000, 0.000000000000000000 ) ) ;
#1963 = EDGE_LOOP ( 'NONE', ( #120, #2174, #424, #2008 ) ) ;
#1964 = DIRECTION ( 'NONE',  ( -0.000000000000000000, 1.000000000000000000, -0.000000000000000000 ) ) ;
#1965 = DIRECTION ( 'NONE',  ( -1.000000000000000000, 0.000000000000000000, 0.000000000000000000 ) ) ;
#1966 = PLANE ( 'NONE',  #690 ) ;
#1967 = DIRECTION ( 'NONE',  ( -0.000000000000000000, -0.000000000000000000, -1.000000000000000000 ) ) ;
#1968 = FACE_OUTER_BOUND ( 'NONE', #2796, .T. ) ;
#1969 = ADVANCED_FACE ( 'NONE', ( #2947 ), #1274, .F. ) ;
#1970 = DIRECTION ( 'NONE',  ( -1.000000000000000000, 0.000000000000000000, -4.956352788505159323E-16 ) ) ;
#1971 = ADVANCED_FACE ( 'NONE', ( #1290 ), #1556, .F. ) ;
#1972 = DIRECTION ( 'NONE',  ( -0.000000000000000000, 0.000000000000000000, -1.000000000000000000 ) ) ;
#1973 = PLANE ( 'NONE',  #1343 ) ;
#1974 = VERTEX_POINT ( 'NONE', #2502 ) ;
#1975 = ORIENTED_EDGE ( 'NONE', *, *, #2116, .F. ) ;
#1976 = CARTESIAN_POINT ( 'NONE',  ( 162.5000000000000284, 280.0000000000000000, 12.00000000000000000 ) ) ;
#1977 = VECTOR ( 'NONE', #979, 1000.000000000000000 ) ;
#1978 = ORIENTED_EDGE ( 'NONE', *, *, #45, .F. ) ;
#1979 = LINE ( 'NONE', #834, #2002 ) ;
#1980 = LINE ( 'NONE', #1508, #998 ) ;
#1981 = AXIS2_PLACEMENT_3D ( 'NONE', #988, #1591, #2509 ) ;
#1982 = CARTESIAN_POINT ( 'NONE',  ( 7.930164461608299094E-15, 0.07629912698803309468, 8.999999999999911182 ) ) ;
#1983 = CARTESIAN_POINT ( 'NONE',  ( 204.9999999999999716, 109.9999999999999858, 25.00000000000000000 ) ) ;
#1984 = EDGE_CURVE ( 'NONE', #1287, #717, #1979, .T. ) ;
#1985 = CARTESIAN_POINT ( 'NONE',  ( 246.5000000000000000, 165.0000000000000000, 25.00000000000000000 ) ) ;
#1986 = CARTESIAN_POINT ( 'NONE',  ( 5.000000000000004441, 260.0000000000000000, 12.00000000000000000 ) ) ;
#1987 = DIRECTION ( 'NONE',  ( 1.000000000000000000, 0.000000000000000000, 0.000000000000000000 ) ) ;
#1988 = EDGE_CURVE ( 'NONE', #2554, #516, #400, .T. ) ;
#1989 = VERTEX_POINT ( 'NONE', #107 ) ;
#1990 = CIRCLE ( 'NONE', #2869, 1.500000000000001332 ) ;
#1991 = EDGE_LOOP ( 'NONE', ( #2787, #1145, #1329, #2306 ) ) ;
#1992 = ORIENTED_EDGE ( 'NONE', *, *, #385, .F. ) ;
#1993 = DIRECTION ( 'NONE',  ( -0.000000000000000000, -0.000000000000000000, -1.000000000000000000 ) ) ;
#1994 = CARTESIAN_POINT ( 'NONE',  ( 243.0000000000000000, 12.50000000000000000, 0.000000000000000000 ) ) ;
#1995 = DIRECTION ( 'NONE',  ( -1.000000000000000000, 0.000000000000000000, 0.000000000000000000 ) ) ;
#1996 = CARTESIAN_POINT ( 'NONE',  ( 250.6138420405932266, 4.076299126988033095, 21.00000000000000000 ) ) ;
#1997 = AXIS2_PLACEMENT_3D ( 'NONE', #960, #2861, #89 ) ;
#1998 = AXIS2_PLACEMENT_3D ( 'NONE', #608, #2017, #388 ) ;
#1999 = CARTESIAN_POINT ( 'NONE',  ( 58.50000000000000000, 380.0762991269879194, 0.000000000000000000 ) ) ;
#2000 = EDGE_CURVE ( 'NONE', #1905, #1834, #1847, .T. ) ;
#2001 = DIRECTION ( 'NONE',  ( -0.000000000000000000, -0.000000000000000000, -1.000000000000000000 ) ) ;
#2002 = VECTOR ( 'NONE', #1778, 1000.000000000000000 ) ;
#2003 = AXIS2_PLACEMENT_3D ( 'NONE', #1304, #572, #2910 ) ;
#2004 = LINE ( 'NONE', #2250, #720 ) ;
#2005 = PLANE ( 'NONE',  #2625 ) ;
#2006 = ORIENTED_EDGE ( 'NONE', *, *, #1428, .F. ) ;
#2007 = EDGE_CURVE ( 'NONE', #1974, #2144, #2929, .T. ) ;
#2008 = ORIENTED_EDGE ( 'NONE', *, *, #2642, .T. ) ;
#2009 = ORIENTED_EDGE ( 'NONE', *, *, #1277, .F. ) ;
#2010 = CARTESIAN_POINT ( 'NONE',  ( 235.9187064840762389, 3.561117937423770030, 24.96676099963610795 ) ) ;
#2011 = ORIENTED_EDGE ( 'NONE', *, *, #5, .F. ) ;
#2012 = CARTESIAN_POINT ( 'NONE',  ( 155.3638420405932266, 160.0762991269880047, 12.00000000000000178 ) ) ;
#2013 = ADVANCED_FACE ( 'NONE', ( #351 ), #2471, .F. ) ;
#2014 = AXIS2_PLACEMENT_3D ( 'NONE', #1840, #2776, #1884 ) ;
#2015 = CARTESIAN_POINT ( 'NONE',  ( 9.831204708092137423, 4.076299126988033095, 25.00000000000000000 ) ) ;
#2016 = CYLINDRICAL_SURFACE ( 'NONE', #441, 1.500000000000001332 ) ;
#2017 = DIRECTION ( 'NONE',  ( -0.000000000000000000, 0.000000000000000000, -1.000000000000000000 ) ) ;
#2018 = DIRECTION ( 'NONE',  ( 1.000000000000000000, 0.000000000000000000, 0.000000000000000000 ) ) ;
#2019 = CARTESIAN_POINT ( 'NONE',  ( 159.5000000000000284, 280.0000000000000000, 12.00000000000000000 ) ) ;
#2020 = EDGE_LOOP ( 'NONE', ( #2256, #482, #2308, #1008 ) ) ;
#2021 = ORIENTED_EDGE ( 'NONE', *, *, #465, .T. ) ;
#2022 = ORIENTED_EDGE ( 'NONE', *, *, #2961, .T. ) ;
#2023 = DIRECTION ( 'NONE',  ( -0.000000000000000000, 0.000000000000000000, -1.000000000000000000 ) ) ;
#2024 = ORIENTED_EDGE ( 'NONE', *, *, #391, .T. ) ;
#2025 = DIRECTION ( 'NONE',  ( -0.000000000000000000, -0.000000000000000000, -1.000000000000000000 ) ) ;
#2026 = CARTESIAN_POINT ( 'NONE',  ( 0.000000000000000000, 0.07629912698803309468, 18.00000000000000000 ) ) ;
#2027 = LINE ( 'NONE', #2703, #1197 ) ;
#2028 = DIRECTION ( 'NONE',  ( -0.000000000000000000, -0.000000000000000000, -1.000000000000000000 ) ) ;
#2029 = AXIS2_PLACEMENT_3D ( 'NONE', #2406, #588, #2456 ) ;
#2030 = AXIS2_PLACEMENT_3D ( 'NONE', #1726, #2857, #1236 ) ;
#2031 = AXIS2_PLACEMENT_3D ( 'NONE', #2753, #656, #115 ) ;
#2032 = CIRCLE ( 'NONE', #2426, 3.999999999999993339 ) ;
#2033 = DIRECTION ( 'NONE',  ( -0.000000000000000000, -0.000000000000000000, -1.000000000000000000 ) ) ;
#2034 = ORIENTED_EDGE ( 'NONE', *, *, #1128, .F. ) ;
#2035 = ADVANCED_FACE ( 'NONE', ( #138 ), #1107, .T. ) ;
#2036 = EDGE_LOOP ( 'NONE', ( #1978, #2661 ) ) ;
#2037 = ORIENTED_EDGE ( 'NONE', *, *, #2824, .F. ) ;
#2038 = DIRECTION ( 'NONE',  ( -0.000000000000000000, -0.000000000000000000, -1.000000000000000000 ) ) ;
#2039 = ORIENTED_EDGE ( 'NONE', *, *, #1003, .T. ) ;
#2040 = DIRECTION ( 'NONE',  ( -0.000000000000000000, -0.000000000000000000, -1.000000000000000000 ) ) ;
#2041 = AXIS2_PLACEMENT_3D ( 'NONE', #93, #2023, #1303 ) ;
#2042 = DIRECTION ( 'NONE',  ( -1.000000000000000000, 0.000000000000000000, 0.000000000000000000 ) ) ;
#2043 = LINE ( 'NONE', #2490, #542 ) ;
#2044 = VECTOR ( 'NONE', #2234, 1000.000000000000000 ) ;
#2045 = DIRECTION ( 'NONE',  ( -0.000000000000000000, -0.000000000000000000, -1.000000000000000000 ) ) ;
#2046 = EDGE_CURVE ( 'NONE', #2413, #550, #2713, .T. ) ;
#2047 = VECTOR ( 'NONE', #995, 1000.000000000000000 ) ;
#2048 = DIRECTION ( 'NONE',  ( -1.000000000000000000, 0.000000000000000000, 0.000000000000000000 ) ) ;
#2049 = LINE ( 'NONE', #1549, #1386 ) ;
#2050 = EDGE_LOOP ( 'NONE', ( #333, #3024 ) ) ;
#2051 = VERTEX_POINT ( 'NONE', #2486 ) ;
#2052 = ORIENTED_EDGE ( 'NONE', *, *, #2062, .F. ) ;
#2053 = EDGE_CURVE ( 'NONE', #828, #1450, #136, .T. ) ;
#2054 = ORIENTED_EDGE ( 'NONE', *, *, #2385, .T. ) ;
#2055 = FACE_OUTER_BOUND ( 'NONE', #1991, .T. ) ;
#2056 = VECTOR ( 'NONE', #2795, 1000.000000000000000 ) ;
#2057 = FACE_OUTER_BOUND ( 'NONE', #886, .T. ) ;
#2058 = DIRECTION ( 'NONE',  ( 0.000000000000000000, 0.000000000000000000, 1.000000000000000000 ) ) ;
#2059 = CARTESIAN_POINT ( 'NONE',  ( 41.99999999999997868, 170.0000000000000000, 25.00000000000000000 ) ) ;
#2060 = CIRCLE ( 'NONE', #47, 1.500000000000001332 ) ;
#2061 = DIRECTION ( 'NONE',  ( 0.000000000000000000, 1.000000000000000000, 0.000000000000000000 ) ) ;
#2062 = EDGE_CURVE ( 'NONE', #1551, #2958, #1609, .T. ) ;
#2063 = DIRECTION ( 'NONE',  ( -1.000000000000000000, 0.000000000000000000, 0.000000000000000000 ) ) ;
#2064 = APPROVAL_STATUS ( 'not_yet_approved' ) ;
#2065 = VERTEX_POINT ( 'NONE', #2228 ) ;
#2066 = VERTEX_POINT ( 'NONE', #1321 ) ;
#2067 = VERTEX_POINT ( 'NONE', #123 ) ;
#2068 = ORIENTED_EDGE ( 'NONE', *, *, #528, .F. ) ;
#2069 = LINE ( 'NONE', #2084, #1803 ) ;
#2070 = ADVANCED_FACE ( 'NONE', ( #861 ), #1043, .F. ) ;
#2071 = DIRECTION ( 'NONE',  ( -0.000000000000000000, 0.000000000000000000, 1.000000000000000000 ) ) ;
#2072 = CARTESIAN_POINT ( 'NONE',  ( 155.0000000000000000, 325.0762991269879194, 12.50000000000000355 ) ) ;
#2073 = DIRECTION ( 'NONE',  ( -0.000000000000000000, -0.000000000000000000, -1.000000000000000000 ) ) ;
#2074 = EDGE_CURVE ( 'NONE', #1458, #2999, #2959, .T. ) ;
#2075 = DIRECTION ( 'NONE',  ( -0.000000000000000000, 1.000000000000000000, -0.000000000000000000 ) ) ;
#2076 = AXIS2_PLACEMENT_3D ( 'NONE', #1876, #2748, #548 ) ;
#2077 = DATE_AND_TIME ( #464, #1297 ) ;
#2078 = ORIENTED_EDGE ( 'NONE', *, *, #1628, .F. ) ;
#2079 = CC_DESIGN_APPROVAL ( #2714, ( #218 ) ) ;
#2080 = ADVANCED_FACE ( 'NONE', ( #2685 ), #589, .F. ) ;
#2081 = ORIENTED_EDGE ( 'NONE', *, *, #2698, .F. ) ;
#2082 = ORIENTED_EDGE ( 'NONE', *, *, #2672, .T. ) ;
#2083 = ORIENTED_EDGE ( 'NONE', *, *, #445, .F. ) ;
#2084 = CARTESIAN_POINT ( 'NONE',  ( 162.5000000000000284, 280.0000000000000000, 25.00000000000000000 ) ) ;
#2085 = DIRECTION ( 'NONE',  ( 1.000000000000000000, 0.000000000000000000, 0.000000000000000000 ) ) ;
#2086 = DIRECTION ( 'NONE',  ( -0.000000000000000000, -0.000000000000000000, -1.000000000000000000 ) ) ;
#2087 = CARTESIAN_POINT ( 'NONE',  ( 178.5000000000000000, -35.92370087301227954, 9.000000000000001776 ) ) ;
#2088 = CARTESIAN_POINT ( 'NONE',  ( 0.000000000000000000, 0.000000000000000000, 0.000000000000000000 ) ) ;
#2089 = CIRCLE ( 'NONE', #673, 2.000000000000001776 ) ;
#2090 = EDGE_CURVE ( 'NONE', #199, #2282, #90, .T. ) ;
#2091 = DIRECTION ( 'NONE',  ( -0.000000000000000000, 1.000000000000000000, -0.000000000000000000 ) ) ;
#2092 = SHAPE_DEFINITION_REPRESENTATION ( #196, #2719 ) ;
#2093 = EDGE_LOOP ( 'NONE', ( #1898, #951, #1363, #1006 ) ) ;
#2094 = AXIS2_PLACEMENT_3D ( 'NONE', #185, #692, #455 ) ;
#2095 = AXIS2_PLACEMENT_3D ( 'NONE', #1837, #227, #2989 ) ;
#2096 = ORIENTED_EDGE ( 'NONE', *, *, #1469, .T. ) ;
#2097 = VERTEX_POINT ( 'NONE', #1852 ) ;
#2098 = VERTEX_POINT ( 'NONE', #3002 ) ;
#2099 = EDGE_CURVE ( 'NONE', #2120, #2413, #903, .T. ) ;
#2100 = CARTESIAN_POINT ( 'NONE',  ( 17.00000000000001421, 260.0000000000000000, 25.00000000000000000 ) ) ;
#2101 = LINE ( 'NONE', #2148, #2360 ) ;
#2102 = AXIS2_PLACEMENT_3D ( 'NONE', #745, #2136, #2641 ) ;
#2103 = ADVANCED_FACE ( 'NONE', ( #663, #2325 ), #1614, .F. ) ;
#2104 = CYLINDRICAL_SURFACE ( 'NONE', #148, 3.999999999999993339 ) ;
#2105 = DIRECTION ( 'NONE',  ( -1.000000000000000000, 0.000000000000000000, 0.000000000000000000 ) ) ;
#2106 = LINE ( 'NONE', #1112, #537 ) ;
#2107 = EDGE_CURVE ( 'NONE', #532, #566, #2299, .T. ) ;
#2108 = AXIS2_PLACEMENT_3D ( 'NONE', #1095, #2964, #1337 ) ;
#2109 = DATE_TIME_ROLE ( 'creation_date' ) ;
#2110 = ORIENTED_EDGE ( 'NONE', *, *, #2046, .F. ) ;
#2111 = ORIENTED_EDGE ( 'NONE', *, *, #318, .T. ) ;
#2112 = CARTESIAN_POINT ( 'NONE',  ( 204.9999999999999716, 109.9999999999999858, 25.00000000000000000 ) ) ;
#2113 = ORIENTED_EDGE ( 'NONE', *, *, #719, .T. ) ;
#2114 = EDGE_LOOP ( 'NONE', ( #2240, #2589, #1271, #2223 ) ) ;
#2115 = DIRECTION ( 'NONE',  ( -0.000000000000000000, -0.000000000000000000, 1.000000000000000000 ) ) ;
#2116 = EDGE_CURVE ( 'NONE', #552, #1406, #2492, .T. ) ;
#2117 = DIRECTION ( 'NONE',  ( -1.000000000000000000, 0.000000000000000000, 0.000000000000000000 ) ) ;
#2118 = CARTESIAN_POINT ( 'NONE',  ( 161.0000000000000284, 280.0000000000000000, 25.00000000000000000 ) ) ;
#2119 = DIRECTION ( 'NONE',  ( 0.000000000000000000, -0.000000000000000000, 1.000000000000000000 ) ) ;
#2120 = VERTEX_POINT ( 'NONE', #1626 ) ;
#2121 = EDGE_CURVE ( 'NONE', #3013, #1567, #529, .T. ) ;
#2122 = DIRECTION ( 'NONE',  ( -1.000000000000000000, 0.000000000000000000, -0.000000000000000000 ) ) ;
#2123 = VECTOR ( 'NONE', #1687, 1000.000000000000000 ) ;
#2124 = ORIENTED_EDGE ( 'NONE', *, *, #865, .F. ) ;
#2125 = LINE ( 'NONE', #2581, #2561 ) ;
#2126 = AXIS2_PLACEMENT_3D ( 'NONE', #748, #1713, #764 ) ;
#2127 = ORIENTED_EDGE ( 'NONE', *, *, #712, .F. ) ;
#2128 = ORIENTED_EDGE ( 'NONE', *, *, #2107, .F. ) ;
#2129 = DIRECTION ( 'NONE',  ( 1.000000000000000000, 0.000000000000000000, 0.000000000000000000 ) ) ;
#2130 = EDGE_CURVE ( 'NONE', #1385, #237, #234, .T. ) ;
#2131 = CARTESIAN_POINT ( 'NONE',  ( 58.50000000000000000, 0.000000000000000000, 0.000000000000000000 ) ) ;
#2132 = CARTESIAN_POINT ( 'NONE',  ( 71.50000000000000000, 0.000000000000000000, 0.000000000000000000 ) ) ;
#2133 = DIRECTION ( 'NONE',  ( 1.000000000000000000, 0.000000000000000000, -0.000000000000000000 ) ) ;
#2134 = ORIENTED_EDGE ( 'NONE', *, *, #1167, .F. ) ;
#2135 = EDGE_CURVE ( 'NONE', #206, #2284, #1823, .T. ) ;
#2136 = DIRECTION ( 'NONE',  ( -0.000000000000000000, -0.000000000000000000, -1.000000000000000000 ) ) ;
#2137 = AXIS2_PLACEMENT_3D ( 'NONE', #1333, #1569, #1553 ) ;
#2138 = EDGE_CURVE ( 'NONE', #1458, #1009, #478, .T. ) ;
#2139 = DIRECTION ( 'NONE',  ( -0.000000000000000000, -0.000000000000000000, -1.000000000000000000 ) ) ;
#2140 = ORIENTED_EDGE ( 'NONE', *, *, #567, .T. ) ;
#2141 = LINE ( 'NONE', #2990, #64 ) ;
#2142 = CIRCLE ( 'NONE', #1561, 4.000000000000000000 ) ;
#2143 = VERTEX_POINT ( 'NONE', #471 ) ;
#2144 = VERTEX_POINT ( 'NONE', #1881 ) ;
#2145 = CARTESIAN_POINT ( 'NONE',  ( 243.5000000000000000, 225.0000000000000000, 25.00000000000000000 ) ) ;
#2146 = AXIS2_PLACEMENT_3D ( 'NONE', #1493, #1677, #2671 ) ;
#2147 = EDGE_CURVE ( 'NONE', #552, #828, #1389, .T. ) ;
#2148 = CARTESIAN_POINT ( 'NONE',  ( 58.50000000000000000, 380.0762991269879194, -0.000000000000000000 ) ) ;
#2149 = FACE_BOUND ( 'NONE', #1342, .T. ) ;
#2150 = CYLINDRICAL_SURFACE ( 'NONE', #628, 6.000000000000015987 ) ;
#2151 = ORIENTED_EDGE ( 'NONE', *, *, #2288, .F. ) ;
#2152 = DIRECTION ( 'NONE',  ( 1.000000000000000000, 0.000000000000000000, 0.000000000000000000 ) ) ;
#2153 = DIRECTION ( 'NONE',  ( -0.000000000000000000, 1.000000000000000000, -0.000000000000000000 ) ) ;
#2154 = CARTESIAN_POINT ( 'NONE',  ( 97.86384204059322656, 160.0762991269880047, 12.00000000000000178 ) ) ;
#2155 = AXIS2_PLACEMENT_3D ( 'NONE', #2343, #3018, #1165 ) ;
#2156 = ORIENTED_EDGE ( 'NONE', *, *, #2177, .F. ) ;
#2157 = LINE ( 'NONE', #345, #2229 ) ;
#2158 = EDGE_CURVE ( 'NONE', #1009, #466, #2069, .T. ) ;
#2159 = ORIENTED_EDGE ( 'NONE', *, *, #2215, .F. ) ;
#2160 = VERTEX_POINT ( 'NONE', #917 ) ;
#2161 = CARTESIAN_POINT ( 'NONE',  ( 204.9999999999999716, 170.0000000000000000, 5.000000000000000888 ) ) ;
#2162 = CARTESIAN_POINT ( 'NONE',  ( -0.000000000000000000, 0.07629912698803309468, 0.000000000000000000 ) ) ;
#2163 = DIRECTION ( 'NONE',  ( -0.000000000000000000, 1.000000000000000000, -0.000000000000000000 ) ) ;
#2164 = ADVANCED_FACE ( 'NONE', ( #2788 ), #718, .F. ) ;
#2165 = CYLINDRICAL_SURFACE ( 'NONE', #1391, 9.000000000000007105 ) ;
#2166 = VERTEX_POINT ( 'NONE', #242 ) ;
#2167 = DIRECTION ( 'NONE',  ( -0.000000000000000000, -0.000000000000000000, -1.000000000000000000 ) ) ;
#2168 = DIRECTION ( 'NONE',  ( 0.000000000000000000, 0.000000000000000000, 1.000000000000000000 ) ) ;
#2169 = VERTEX_POINT ( 'NONE', #3030 ) ;
#2170 = APPROVAL ( #2538, 'æœª' ) ;
#2171 = FACE_OUTER_BOUND ( 'NONE', #1174, .T. ) ;
#2172 = EDGE_LOOP ( 'NONE', ( #600, #1188 ) ) ;
#2173 = DIRECTION ( 'NONE',  ( -1.000000000000000000, 0.000000000000000000, 0.000000000000000000 ) ) ;
#2174 = ORIENTED_EDGE ( 'NONE', *, *, #2952, .F. ) ;
#2175 = ORIENTED_EDGE ( 'NONE', *, *, #556, .T. ) ;
#2176 = CARTESIAN_POINT ( 'NONE',  ( 24.99999999999999289, 325.0762991269879194, 16.49999999999999645 ) ) ;
#2177 = EDGE_CURVE ( 'NONE', #1715, #2631, #2736, .T. ) ;
#2178 = VECTOR ( 'NONE', #96, 1000.000000000000000 ) ;
#2179 = DIRECTION ( 'NONE',  ( -1.000000000000000000, 0.000000000000000000, 0.000000000000000000 ) ) ;
#2180 = CARTESIAN_POINT ( 'NONE',  ( 225.0000000000000000, 325.0762991269879194, 16.49999999999998934 ) ) ;
#2181 = FACE_BOUND ( 'NONE', #783, .T. ) ;
#2182 = VECTOR ( 'NONE', #279, 1000.000000000000000 ) ;
#2183 = DIRECTION ( 'NONE',  ( 0.000000000000000000, -1.000000000000000000, 0.000000000000000000 ) ) ;
#2184 = LINE ( 'NONE', #99, #678 ) ;
#2185 = DIRECTION ( 'NONE',  ( 0.000000000000000000, 0.000000000000000000, 1.000000000000000000 ) ) ;
#2186 = ADVANCED_FACE ( 'NONE', ( #2569 ), #1407, .F. ) ;
#2187 = DIRECTION ( 'NONE',  ( -0.000000000000000000, -0.000000000000000000, -1.000000000000000000 ) ) ;
#2188 = CARTESIAN_POINT ( 'NONE',  ( 44.99999999999998579, 110.0000000000000142, 5.000000000000000888 ) ) ;
#2189 = VERTEX_POINT ( 'NONE', #2515 ) ;
#2190 = ORIENTED_EDGE ( 'NONE', *, *, #2158, .F. ) ;
#2191 = LINE ( 'NONE', #1468, #2196 ) ;
#2192 = CIRCLE ( 'NONE', #2821, 9.000000000000000000 ) ;
#2193 = VECTOR ( 'NONE', #1675, 1000.000000000000000 ) ;
#2194 = ORIENTED_EDGE ( 'NONE', *, *, #1296, .F. ) ;
#2195 = PLANE ( 'NONE',  #2041 ) ;
#2196 = VECTOR ( 'NONE', #737, 1000.000000000000000 ) ;
#2197 = CARTESIAN_POINT ( 'NONE',  ( 0.000000000000000000, 0.000000000000000000, 12.00000000000000000 ) ) ;
#2198 = DIRECTION ( 'NONE',  ( -0.000000000000000000, -0.000000000000000000, -1.000000000000000000 ) ) ;
#2199 = CARTESIAN_POINT ( 'NONE',  ( 97.86384204059322656, 160.0762991269880047, 25.00000000000000000 ) ) ;
#2200 = AXIS2_PLACEMENT_3D ( 'NONE', #2273, #2457, #2911 ) ;
#2201 = EDGE_CURVE ( 'NONE', #2284, #451, #2382, .T. ) ;
#2202 = DIRECTION ( 'NONE',  ( -0.000000000000000000, -0.000000000000000000, 1.000000000000000000 ) ) ;
#2203 = DIRECTION ( 'NONE',  ( 0.000000000000000000, 0.000000000000000000, 1.000000000000000000 ) ) ;
#2204 = UNCERTAINTY_MEASURE_WITH_UNIT (LENGTH_MEASURE( 1.000000000000000082E-05 ), #1772, 'distance_accuracy_value', 'NONE');
#2205 = AXIS2_PLACEMENT_3D ( 'NONE', #1064, #2688, #1511 ) ;
#2206 = CARTESIAN_POINT ( 'NONE',  ( 250.6138420405932266, 0.000000000000000000, 25.00000000000000000 ) ) ;
#2207 = ADVANCED_FACE ( 'NONE', ( #2055 ), #317, .F. ) ;
#2208 = DIRECTION ( 'NONE',  ( -0.000000000000000000, -0.000000000000000000, -1.000000000000000000 ) ) ;
#2209 = ORIENTED_EDGE ( 'NONE', *, *, #1647, .T. ) ;
#2210 = AXIS2_PLACEMENT_3D ( 'NONE', #2636, #2864, #1030 ) ;
#2211 = ORIENTED_EDGE ( 'NONE', *, *, #1234, .T. ) ;
#2212 = DIRECTION ( 'NONE',  ( -1.000000000000000000, 0.000000000000000000, 0.000000000000000000 ) ) ;
#2213 = DIRECTION ( 'NONE',  ( -1.000000000000000000, 0.000000000000000000, 0.000000000000000000 ) ) ;
#2214 = CARTESIAN_POINT ( 'NONE',  ( 15.00000000000000000, 360.0000000000000000, 12.00000000000000000 ) ) ;
#2215 = EDGE_CURVE ( 'NONE', #283, #1894, #2191, .T. ) ;
#2216 = DIRECTION ( 'NONE',  ( -0.000000000000000000, -0.000000000000000000, -1.000000000000000000 ) ) ;
#2217 = CYLINDRICAL_SURFACE ( 'NONE', #1846, 1.500000000000029088 ) ;
#2218 = DIRECTION ( 'NONE',  ( 0.000000000000000000, 0.000000000000000000, -1.000000000000000000 ) ) ;
#2219 = EDGE_CURVE ( 'NONE', #1773, #348, #2584, .T. ) ;
#2220 = DIRECTION ( 'NONE',  ( -1.000000000000000000, 0.000000000000000000, 0.000000000000000000 ) ) ;
#2221 = LINE ( 'NONE', #2448, #624 ) ;
#2222 = CARTESIAN_POINT ( 'NONE',  ( 225.0000000000000000, 380.0762991269879194, 8.500000000000003553 ) ) ;
#2223 = ORIENTED_EDGE ( 'NONE', *, *, #1035, .T. ) ;
#2224 = ORIENTED_EDGE ( 'NONE', *, *, #1035, .F. ) ;
#2225 = VERTEX_POINT ( 'NONE', #1207 ) ;
#2226 = CARTESIAN_POINT ( 'NONE',  ( 225.0000000000000000, 325.0762991269879194, 12.49999999999999645 ) ) ;
#2227 = DIRECTION ( 'NONE',  ( -1.000000000000000000, 0.000000000000000000, 0.000000000000000000 ) ) ;
#2228 = CARTESIAN_POINT ( 'NONE',  ( 21.67471647004093427, 325.0762991269879194, 10.27682896623246300 ) ) ;
#2229 = VECTOR ( 'NONE', #533, 1000.000000000000000 ) ;
#2230 = PLANE ( 'NONE',  #1950 ) ;
#2231 = AXIS2_PLACEMENT_3D ( 'NONE', #421, #359, #1987 ) ;
#2232 = CARTESIAN_POINT ( 'NONE',  ( 47.99999999999998579, 170.0000000000000000, 25.00000000000000000 ) ) ;
#2233 = CARTESIAN_POINT ( 'NONE',  ( 95.00000000000000000, 380.0762991269879194, 12.49999999999999645 ) ) ;
#2234 = DIRECTION ( 'NONE',  ( 0.000000000000000000, 1.000000000000000000, -0.000000000000000000 ) ) ;
#2235 = EDGE_CURVE ( 'NONE', #1376, #199, #1025, .T. ) ;
#2236 = DIRECTION ( 'NONE',  ( 0.000000000000000000, 0.000000000000000000, -1.000000000000000000 ) ) ;
#2237 = CARTESIAN_POINT ( 'NONE',  ( 24.99999999999999289, 366.3184203014566833, 12.49999999999999645 ) ) ;
#2238 = ORIENTED_EDGE ( 'NONE', *, *, #1258, .F. ) ;
#2239 = ORIENTED_EDGE ( 'NONE', *, *, #1453, .F. ) ;
#2240 = ORIENTED_EDGE ( 'NONE', *, *, #307, .F. ) ;
#2241 = DIRECTION ( 'NONE',  ( 1.000000000000000000, -0.000000000000000000, 0.000000000000000000 ) ) ;
#2242 = DIRECTION ( 'NONE',  ( 1.000000000000000000, 0.000000000000000000, 0.000000000000000000 ) ) ;
#2243 = CARTESIAN_POINT ( 'NONE',  ( 191.5000000000000000, -35.92370087301227954, 0.000000000000000000 ) ) ;
#2244 = EDGE_CURVE ( 'NONE', #2958, #1551, #2978, .T. ) ;
#2245 = DIRECTION ( 'NONE',  ( -0.000000000000000000, 0.000000000000000000, 1.000000000000000000 ) ) ;
#2246 = VECTOR ( 'NONE', #1707, 1000.000000000000000 ) ;
#2247 = DIRECTION ( 'NONE',  ( -0.000000000000000000, 0.000000000000000000, 1.000000000000000000 ) ) ;
#2248 = CARTESIAN_POINT ( 'NONE',  ( 237.0000000000000000, 12.50000000000000000, 25.00000000000000000 ) ) ;
#2249 = AXIS2_PLACEMENT_3D ( 'NONE', #604, #2040, #650 ) ;
#2250 = CARTESIAN_POINT ( 'NONE',  ( 0.000000000000000000, 0.07629912698803309468, 9.000000000000001776 ) ) ;
#2251 = PLANE ( 'NONE',  #1842 ) ;
#2252 = ADVANCED_FACE ( 'NONE', ( #752 ), #284, .F. ) ;
#2253 = VERTEX_POINT ( 'NONE', #977 ) ;
#2254 = EDGE_CURVE ( 'NONE', #619, #1237, #132, .T. ) ;
#2255 = ORIENTED_EDGE ( 'NONE', *, *, #2433, .T. ) ;
#2256 = ORIENTED_EDGE ( 'NONE', *, *, #259, .T. ) ;
#2257 = CARTESIAN_POINT ( 'NONE',  ( 239.1346705611690311, 3.740339835473976748, 24.98703240954344906 ) ) ;
#2258 = EDGE_LOOP ( 'NONE', ( #2052, #617 ) ) ;
#2259 = DIRECTION ( 'NONE',  ( -0.000000000000000000, -0.000000000000000000, -1.000000000000000000 ) ) ;
#2260 = AXIS2_PLACEMENT_3D ( 'NONE', #906, #1602, #474 ) ;
#2261 = DIRECTION ( 'NONE',  ( 1.000000000000000000, 0.000000000000000000, 0.000000000000000000 ) ) ;
#2262 = CARTESIAN_POINT ( 'NONE',  ( 227.9999999999999716, 12.50000000000000000, 25.00000000000000000 ) ) ;
#2263 = CYLINDRICAL_SURFACE ( 'NONE', #144, 3.000000000000002665 ) ;
#2264 = EDGE_CURVE ( 'NONE', #362, #1567, #2601, .T. ) ;
#2265 = DIRECTION ( 'NONE',  ( 1.000000000000000000, 0.000000000000000000, 0.000000000000000000 ) ) ;
#2266 = PERSON_AND_ORGANIZATION_ROLE ( 'design_owner' ) ;
#2267 = ORIENTED_EDGE ( 'NONE', *, *, #945, .T. ) ;
#2268 = ORIENTED_EDGE ( 'NONE', *, *, #556, .F. ) ;
#2269 = ORIENTED_EDGE ( 'NONE', *, *, #2130, .F. ) ;
#2270 = CARTESIAN_POINT ( 'NONE',  ( 227.9999999999999716, 12.50000000000000000, 11.00000000000000000 ) ) ;
#2271 = ORIENTED_EDGE ( 'NONE', *, *, #1205, .T. ) ;
#2272 = EDGE_CURVE ( 'NONE', #1237, #619, #2778, .T. ) ;
#2273 = CARTESIAN_POINT ( 'NONE',  ( 44.99999999999998579, 170.0000000000000000, 25.00000000000000000 ) ) ;
#2274 = CARTESIAN_POINT ( 'NONE',  ( 0.000000000000000000, 0.000000000000000000, 12.00000000000000000 ) ) ;
#2275 = LINE ( 'NONE', #592, #616 ) ;
#2276 = DIRECTION ( 'NONE',  ( 0.000000000000000000, 0.000000000000000000, 1.000000000000000000 ) ) ;
#2277 = VECTOR ( 'NONE', #1959, 1000.000000000000000 ) ;
#2278 = CIRCLE ( 'NONE', #1934, 1.500000000000001332 ) ;
#2279 = CARTESIAN_POINT ( 'NONE',  ( 44.99999999999998579, 170.0000000000000000, 5.000000000000000888 ) ) ;
#2280 = LINE ( 'NONE', #178, #1047 ) ;
#2281 = ORIENTED_EDGE ( 'NONE', *, *, #14, .F. ) ;
#2282 = VERTEX_POINT ( 'NONE', #2176 ) ;
#2283 = ORIENTED_EDGE ( 'NONE', *, *, #1469, .F. ) ;
#2284 = VERTEX_POINT ( 'NONE', #991 ) ;
#2285 = DIRECTION ( 'NONE',  ( -1.000000000000000000, 0.000000000000000000, 0.000000000000000000 ) ) ;
#2286 = VECTOR ( 'NONE', #1319, 1000.000000000000000 ) ;
#2287 = CYLINDRICAL_SURFACE ( 'NONE', #2715, 1.500000000000001332 ) ;
#2288 = EDGE_CURVE ( 'NONE', #348, #1376, #767, .T. ) ;
#2289 = CARTESIAN_POINT ( 'NONE',  ( 207.9999999999999716, 170.0000000000000000, 25.00000000000000000 ) ) ;
#2290 = AXIS2_PLACEMENT_3D ( 'NONE', #3003, #823, #1601 ) ;
#2291 = LINE ( 'NONE', #2777, #82 ) ;
#2292 = CIRCLE ( 'NONE', #679, 2.000000000000001776 ) ;
#2293 = VECTOR ( 'NONE', #536, 1000.000000000000000 ) ;
#2294 = FACE_OUTER_BOUND ( 'NONE', #2020, .T. ) ;
#2295 = VERTEX_POINT ( 'NONE', #2145 ) ;
#2296 = ORIENTED_EDGE ( 'NONE', *, *, #45, .T. ) ;
#2297 = VERTEX_POINT ( 'NONE', #1010 ) ;
#2298 = ORIENTED_EDGE ( 'NONE', *, *, #1628, .T. ) ;
#2299 = LINE ( 'NONE', #2310, #382 ) ;
#2300 = VECTOR ( 'NONE', #2091, 1000.000000000000000 ) ;
#2301 = CARTESIAN_POINT ( 'NONE',  ( 245.0000000000000000, 345.0000000000000000, 12.00000000000000000 ) ) ;
#2302 = CARTESIAN_POINT ( 'NONE',  ( 41.99999999999997868, 110.0000000000000142, 25.00000000000000000 ) ) ;
#2303 = DIRECTION ( 'NONE',  ( 0.000000000000000000, -0.000000000000000000, 1.000000000000000000 ) ) ;
#2304 = DIRECTION ( 'NONE',  ( -0.000000000000000000, -0.000000000000000000, -1.000000000000000000 ) ) ;
#2305 = CALENDAR_DATE ( 2024, 8, 10 ) ;
#2306 = ORIENTED_EDGE ( 'NONE', *, *, #2147, .F. ) ;
#2307 = EDGE_LOOP ( 'NONE', ( #1681, #1160 ) ) ;
#2308 = ORIENTED_EDGE ( 'NONE', *, *, #1763, .T. ) ;
#2309 = ORIENTED_EDGE ( 'NONE', *, *, #1280, .F. ) ;
#2310 = CARTESIAN_POINT ( 'NONE',  ( 95.00000000000000000, 325.0762991269879194, 8.499999999999989342 ) ) ;
#2311 = DIRECTION ( 'NONE',  ( -0.000000000000000000, -0.000000000000000000, -1.000000000000000000 ) ) ;
#2312 = EDGE_CURVE ( 'NONE', #2551, #976, #1066, .T. ) ;
#2313 = FACE_OUTER_BOUND ( 'NONE', #1118, .T. ) ;
#2314 = FACE_BOUND ( 'NONE', #1172, .T. ) ;
#2315 = CARTESIAN_POINT ( 'NONE',  ( 95.00000000000000000, 325.0762991269879194, 12.49999999999999645 ) ) ;
#2316 = FACE_OUTER_BOUND ( 'NONE', #795, .T. ) ;
#2317 = AXIS2_PLACEMENT_3D ( 'NONE', #94, #2881, #2896 ) ;
#2318 = CIRCLE ( 'NONE', #1981, 1.500000000000001332 ) ;
#2319 = ADVANCED_FACE ( 'NONE', ( #1434 ), #1899, .F. ) ;
#2320 = EDGE_LOOP ( 'NONE', ( #615, #2725, #2583, #1636 ) ) ;
#2321 = AXIS2_PLACEMENT_3D ( 'NONE', #336, #636, #1995 ) ;
#2322 = ORIENTED_EDGE ( 'NONE', *, *, #33, .F. ) ;
#2323 = VERTEX_POINT ( 'NONE', #2878 ) ;
#2324 = ORIENTED_EDGE ( 'NONE', *, *, #2902, .F. ) ;
#2325 = FACE_OUTER_BOUND ( 'NONE', #1142, .T. ) ;
#2326 = DIRECTION ( 'NONE',  ( -0.000000000000000000, -0.000000000000000000, -1.000000000000000000 ) ) ;
#2327 = PLANE ( 'NONE',  #2503 ) ;
#2328 = DIRECTION ( 'NONE',  ( -0.000000000000000000, -0.000000000000000000, 1.000000000000000000 ) ) ;
#2329 = AXIS2_PLACEMENT_3D ( 'NONE', #2545, #444, #1378 ) ;
#2330 = CARTESIAN_POINT ( 'NONE',  ( 9.831204708092137423, 4.076299126988033095, 25.00000000000000000 ) ) ;
#2331 = CIRCLE ( 'NONE', #2870, 3.999999999999993339 ) ;
#2332 = DATE_AND_TIME ( #896, #1247 ) ;
#2333 = ORIENTED_EDGE ( 'NONE', *, *, #1234, .F. ) ;
#2334 = AXIS2_PLACEMENT_3D ( 'NONE', #2161, #56, #2368 ) ;
#2335 = ORIENTED_EDGE ( 'NONE', *, *, #1954, .T. ) ;
#2336 = FACE_OUTER_BOUND ( 'NONE', #2743, .T. ) ;
#2337 = EDGE_LOOP ( 'NONE', ( #1072, #2567, #87, #46 ) ) ;
#2338 = EDGE_LOOP ( 'NONE', ( #1653, #266, #1114, #517, #134, #1388, #2628, #248, #1155, #1880, #1878, #885, #16, #1238, #1822, #875, #780, #1464, #872, #599 ) ) ;
#2339 = CARTESIAN_POINT ( 'NONE',  ( 137.0000000000000000, 280.0000000000000000, 12.00000000000000000 ) ) ;
#2340 = EDGE_CURVE ( 'NONE', #2282, #2323, #2733, .T. ) ;
#2341 = DIRECTION ( 'NONE',  ( 0.000000000000000000, 0.000000000000000000, -1.000000000000000000 ) ) ;
#2342 = CIRCLE ( 'NONE', #1662, 4.000000000000007105 ) ;
#2343 = CARTESIAN_POINT ( 'NONE',  ( 15.00000000000000000, 360.0000000000000000, 12.00000000000000000 ) ) ;
#2344 = CARTESIAN_POINT ( 'NONE',  ( 225.0000000000000000, 380.0762991269879194, 12.49999999999999645 ) ) ;
#2345 = EDGE_LOOP ( 'NONE', ( #1550, #1698 ) ) ;
#2346 = ADVANCED_FACE ( 'NONE', ( #2649 ), #2417, .T. ) ;
#2347 = FACE_OUTER_BOUND ( 'NONE', #943, .T. ) ;
#2348 = ADVANCED_FACE ( 'NONE', ( #1253 ), #2892, .F. ) ;
#2349 = ORIENTED_EDGE ( 'NONE', *, *, #2090, .T. ) ;
#2350 = DIRECTION ( 'NONE',  ( -0.000000000000000000, -0.000000000000000000, -1.000000000000000000 ) ) ;
#2351 = ORIENTED_EDGE ( 'NONE', *, *, #1423, .F. ) ;
#2352 = ORIENTED_EDGE ( 'NONE', *, *, #2574, .F. ) ;
#2353 = DIRECTION ( 'NONE',  ( -1.000000000000000000, 0.000000000000000000, 0.000000000000000000 ) ) ;
#2354 = CARTESIAN_POINT ( 'NONE',  ( 191.5000000000000000, 380.0762991269879194, 0.000000000000000000 ) ) ;
#2355 = EDGE_CURVE ( 'NONE', #1894, #2695, #252, .T. ) ;
#2356 = CARTESIAN_POINT ( 'NONE',  ( 178.5000000000000000, 0.07629912698803309468, 9.000000000000001776 ) ) ;
#2357 = CARTESIAN_POINT ( 'NONE',  ( 245.0000000000000000, 165.0000000000000000, 12.00000000000000000 ) ) ;
#2358 = ORIENTED_EDGE ( 'NONE', *, *, #658, .F. ) ;
#2359 = CYLINDRICAL_SURFACE ( 'NONE', #1957, 4.000000000000000000 ) ;
#2360 = VECTOR ( 'NONE', #41, 1000.000000000000000 ) ;
#2361 = CYLINDRICAL_SURFACE ( 'NONE', #1639, 1.500000000000001332 ) ;
#2362 = EDGE_CURVE ( 'NONE', #1625, #379, #1900, .T. ) ;
#2363 = ORIENTED_EDGE ( 'NONE', *, *, #1116, .T. ) ;
#2364 = CARTESIAN_POINT ( 'NONE',  ( 24.99999999999999289, 325.0762991269879194, 12.49999999999999645 ) ) ;
#2365 = CIRCLE ( 'NONE', #1544, 9.000000000000000000 ) ;
#2366 = ORIENTED_EDGE ( 'NONE', *, *, #164, .T. ) ;
#2367 = EDGE_LOOP ( 'NONE', ( #676, #1928, #750, #1788 ) ) ;
#2368 = DIRECTION ( 'NONE',  ( -1.000000000000000000, 0.000000000000000000, 0.000000000000000000 ) ) ;
#2369 = AXIS2_PLACEMENT_3D ( 'NONE', #2398, #294, #986 ) ;
#2370 = DIRECTION ( 'NONE',  ( -1.000000000000000000, 0.000000000000000000, 0.000000000000000000 ) ) ;
#2371 = FACE_BOUND ( 'NONE', #2606, .T. ) ;
#2372 = DIRECTION ( 'NONE',  ( -0.000000000000000000, -0.000000000000000000, -1.000000000000000000 ) ) ;
#2373 = EDGE_CURVE ( 'NONE', #1660, #1432, #2663, .T. ) ;
#2374 = ORIENTED_EDGE ( 'NONE', *, *, #1195, .F. ) ;
#2375 = PLANE ( 'NONE',  #2533 ) ;
#2376 = PLANE ( 'NONE',  #1710 ) ;
#2377 = VECTOR ( 'NONE', #2478, 1000.000000000000000 ) ;
#2378 = EDGE_CURVE ( 'NONE', #315, #833, #543, .T. ) ;
#2379 = DIRECTION ( 'NONE',  ( -0.000000000000000000, -0.000000000000000000, -1.000000000000000000 ) ) ;
#2380 = VERTEX_POINT ( 'NONE', #2395 ) ;
#2381 = FACE_OUTER_BOUND ( 'NONE', #2454, .T. ) ;
#2382 = CIRCLE ( 'NONE', #2630, 2.000000000000003553 ) ;
#2383 = VECTOR ( 'NONE', #2001, 1000.000000000000000 ) ;
#2384 = ORIENTED_EDGE ( 'NONE', *, *, #164, .F. ) ;
#2385 = EDGE_CURVE ( 'NONE', #2554, #627, #2923, .T. ) ;
#2386 = ORIENTED_EDGE ( 'NONE', *, *, #2997, .T. ) ;
#2387 = CARTESIAN_POINT ( 'NONE',  ( 24.99999999999999289, 325.0762991269879194, 12.00000000000000000 ) ) ;
#2388 = AXIS2_PLACEMENT_3D ( 'NONE', #1335, #2025, #2730 ) ;
#2389 = CIRCLE ( 'NONE', #2029, 1.500000000000001332 ) ;
#2390 = CARTESIAN_POINT ( 'NONE',  ( 0.6138420405932265567, 4.076299126988033095, 21.00000000000000000 ) ) ;
#2391 = DIRECTION ( 'NONE',  ( 0.000000000000000000, 0.000000000000000000, 1.000000000000000000 ) ) ;
#2392 = CARTESIAN_POINT ( 'NONE',  ( 240.1687952919078839, 4.076299126988033095, 25.00000000000000000 ) ) ;
#2393 = ORIENTED_EDGE ( 'NONE', *, *, #130, .F. ) ;
#2394 = PRODUCT_RELATED_PRODUCT_CATEGORY ( 'detail', '', ( #438 ) ) ;
#2395 = CARTESIAN_POINT ( 'NONE',  ( 24.99999999999999289, 380.0762991269879194, 16.49999999999999645 ) ) ;
#2396 = LINE ( 'NONE', #2593, #2785 ) ;
#2397 = EDGE_CURVE ( 'NONE', #1676, #1441, #527, .T. ) ;
#2398 = CARTESIAN_POINT ( 'NONE',  ( 24.99999999999999289, 325.0762991269879194, 12.49999999999999645 ) ) ;
#2399 = VECTOR ( 'NONE', #668, 1000.000000000000000 ) ;
#2400 = ORIENTED_EDGE ( 'NONE', *, *, #1988, .F. ) ;
#2401 = FACE_OUTER_BOUND ( 'NONE', #36, .T. ) ;
#2402 = ORIENTED_EDGE ( 'NONE', *, *, #1719, .F. ) ;
#2403 = ORIENTED_EDGE ( 'NONE', *, *, #2563, .T. ) ;
#2404 = DIRECTION ( 'NONE',  ( 1.000000000000000000, 0.000000000000000000, 0.000000000000000000 ) ) ;
#2405 = CARTESIAN_POINT ( 'NONE',  ( 0.000000000000000000, 0.000000000000000000, 12.00000000000000000 ) ) ;
#2406 = CARTESIAN_POINT ( 'NONE',  ( 137.0000000000000000, 280.0000000000000000, 25.00000000000000000 ) ) ;
#2407 = CYLINDRICAL_SURFACE ( 'NONE', #1717, 1.500000000000001332 ) ;
#2408 = DIRECTION ( 'NONE',  ( -0.000000000000000000, 0.000000000000000000, 1.000000000000000000 ) ) ;
#2409 = ADVANCED_FACE ( 'NONE', ( #1968 ), #1245, .F. ) ;
#2410 = CARTESIAN_POINT ( 'NONE',  ( 175.0000000000000000, -35.92370087301227954, 18.00000000000000000 ) ) ;
#2411 = CARTESIAN_POINT ( 'NONE',  ( 21.03137303340310993, 325.0762991269879194, 12.00000000000000000 ) ) ;
#2412 = DIRECTION ( 'NONE',  ( -0.000000000000000000, 0.000000000000000000, 1.000000000000000000 ) ) ;
#2413 = VERTEX_POINT ( 'NONE', #1215 ) ;
#2414 = CARTESIAN_POINT ( 'NONE',  ( 0.000000000000000000, 380.0762991269879194, 9.000000000000000000 ) ) ;
#2415 = ORIENTED_EDGE ( 'NONE', *, *, #1719, .T. ) ;
#2416 = EDGE_LOOP ( 'NONE', ( #1835, #23, #732, #1074 ) ) ;
#2417 = PLANE ( 'NONE',  #189 ) ;
#2418 = VECTOR ( 'NONE', #2242, 1000.000000000000000 ) ;
#2419 = EDGE_CURVE ( 'NONE', #2295, #2169, #525, .T. ) ;
#2420 = AXIS2_PLACEMENT_3D ( 'NONE', #2364, #1350, #877 ) ;
#2421 = ORIENTED_EDGE ( 'NONE', *, *, #171, .T. ) ;
#2422 = FACE_OUTER_BOUND ( 'NONE', #2526, .T. ) ;
#2423 = CARTESIAN_POINT ( 'NONE',  ( 175.0000000000000000, 0.07629912698803309468, 9.000000000000000000 ) ) ;
#2424 = FACE_BOUND ( 'NONE', #2513, .T. ) ;
#2425 =( GEOMETRIC_REPRESENTATION_CONTEXT ( 3 ) GLOBAL_UNCERTAINTY_ASSIGNED_CONTEXT ( ( #2204 ) ) GLOBAL_UNIT_ASSIGNED_CONTEXT ( ( #1772, #2921, #611 ) ) REPRESENTATION_CONTEXT ( 'NONE', 'WORKASPACE' ) );
#2426 = AXIS2_PLACEMENT_3D ( 'NONE', #1249, #793, #562 ) ;
#2427 = PLANE ( 'NONE',  #949 ) ;
#2428 = CARTESIAN_POINT ( 'NONE',  ( -0.000000000000000000, 380.0762991269879194, 0.000000000000000000 ) ) ;
#2429 = CYLINDRICAL_SURFACE ( 'NONE', #2926, 2.000000000000001776 ) ;
#2430 = VECTOR ( 'NONE', #2241, 1000.000000000000000 ) ;
#2431 = FACE_OUTER_BOUND ( 'NONE', #1592, .T. ) ;
#2432 = CARTESIAN_POINT ( 'NONE',  ( 250.6138420405932266, 0.000000000000000000, 25.00000000000000000 ) ) ;
#2433 = EDGE_CURVE ( 'NONE', #1568, #1447, #999, .T. ) ;
#2434 = ORIENTED_EDGE ( 'NONE', *, *, #2559, .F. ) ;
#2435 = EDGE_LOOP ( 'NONE', ( #1089, #1622, #735, #959 ) ) ;
#2436 = DIRECTION ( 'NONE',  ( -1.000000000000000000, 0.000000000000000000, 0.000000000000000000 ) ) ;
#2437 = AXIS2_PLACEMENT_3D ( 'NONE', #2992, #2761, #2220 ) ;
#2438 = AXIS2_PLACEMENT_3D ( 'NONE', #822, #2446, #792 ) ;
#2439 = EDGE_LOOP ( 'NONE', ( #66, #688, #1416, #796 ) ) ;
#2440 = DIRECTION ( 'NONE',  ( -0.000000000000000000, 0.000000000000000000, -1.000000000000000000 ) ) ;
#2441 = FACE_OUTER_BOUND ( 'NONE', #2860, .T. ) ;
#2442 = EDGE_CURVE ( 'NONE', #283, #2160, #1278, .T. ) ;
#2443 = LINE ( 'NONE', #2132, #1859 ) ;
#2444 = LINE ( 'NONE', #2933, #1686 ) ;
#2445 = DIRECTION ( 'NONE',  ( 0.000000000000000000, 0.000000000000000000, 1.000000000000000000 ) ) ;
#2446 = DIRECTION ( 'NONE',  ( -0.000000000000000000, 0.000000000000000000, 1.000000000000000000 ) ) ;
#2447 = DIRECTION ( 'NONE',  ( 1.000000000000000000, 0.000000000000000000, 0.000000000000000000 ) ) ;
#2448 = CARTESIAN_POINT ( 'NONE',  ( 207.9999999999999716, 109.9999999999999858, 25.00000000000000000 ) ) ;
#2449 = EDGE_CURVE ( 'NONE', #2565, #2143, #1230, .T. ) ;
#2450 = DIRECTION ( 'NONE',  ( -1.000000000000000000, 0.000000000000000000, 0.000000000000000000 ) ) ;
#2451 = EDGE_LOOP ( 'NONE', ( #2393, #2971 ) ) ;
#2452 = VECTOR ( 'NONE', #1571, 1000.000000000000000 ) ;
#2453 = ORIENTED_EDGE ( 'NONE', *, *, #2495, .T. ) ;
#2454 = EDGE_LOOP ( 'NONE', ( #2998, #1762, #2681, #843 ) ) ;
#2455 = LINE ( 'NONE', #2635, #1732 ) ;
#2456 = DIRECTION ( 'NONE',  ( 1.000000000000000000, 0.000000000000000000, 0.000000000000000000 ) ) ;
#2457 = DIRECTION ( 'NONE',  ( -0.000000000000000000, -0.000000000000000000, -1.000000000000000000 ) ) ;
#2458 = DIRECTION ( 'NONE',  ( 0.000000000000000000, 0.000000000000000000, 1.000000000000000000 ) ) ;
#2459 = EDGE_CURVE ( 'NONE', #1375, #1613, #62, .T. ) ;
#2460 = DIRECTION ( 'NONE',  ( -0.000000000000000000, 1.000000000000000000, -0.000000000000000000 ) ) ;
#2461 = DIRECTION ( 'NONE',  ( 0.000000000000000000, 1.000000000000000000, -0.000000000000000000 ) ) ;
#2462 = EDGE_CURVE ( 'NONE', #467, #1447, #2875, .T. ) ;
#2463 = DIRECTION ( 'NONE',  ( 1.000000000000000000, 0.000000000000000000, 0.000000000000000000 ) ) ;
#2464 = CARTESIAN_POINT ( 'NONE',  ( 137.0000000000000000, 280.0000000000000000, 12.00000000000000000 ) ) ;
#2465 = DIRECTION ( 'NONE',  ( -0.000000000000000000, 1.000000000000000000, -0.000000000000000000 ) ) ;
#2466 = VERTEX_POINT ( 'NONE', #2884 ) ;
#2467 = ORIENTED_EDGE ( 'NONE', *, *, #932, .F. ) ;
#2468 = ORIENTED_EDGE ( 'NONE', *, *, #1672, .T. ) ;
#2469 = DIRECTION ( 'NONE',  ( -0.000000000000000000, 0.000000000000000000, 1.000000000000000000 ) ) ;
#2470 = DIRECTION ( 'NONE',  ( 0.000000000000000000, 0.000000000000000000, 1.000000000000000000 ) ) ;
#2471 = CYLINDRICAL_SURFACE ( 'NONE', #2200, 3.000000000000002665 ) ;
#2472 = CIRCLE ( 'NONE', #1492, 1.500000000000029088 ) ;
#2473 = CARTESIAN_POINT ( 'NONE',  ( 7.000000000000007994, 360.0000000000000000, 25.00000000000000000 ) ) ;
#2474 = AXIS2_PLACEMENT_3D ( 'NONE', #2344, #2620, #741 ) ;
#2475 = DIRECTION ( 'NONE',  ( 1.000000000000000000, 0.000000000000000000, -0.000000000000000000 ) ) ;
#2476 = FACE_OUTER_BOUND ( 'NONE', #1534, .T. ) ;
#2477 = DIRECTION ( 'NONE',  ( 1.000000000000000000, 0.000000000000000000, 0.000000000000000000 ) ) ;
#2478 = DIRECTION ( 'NONE',  ( 0.000000000000000000, 1.000000000000000000, -0.000000000000000000 ) ) ;
#2479 = CARTESIAN_POINT ( 'NONE',  ( 47.99999999999998579, 110.0000000000000142, 25.00000000000000000 ) ) ;
#2480 = VERTEX_POINT ( 'NONE', #48 ) ;
#2481 = CIRCLE ( 'NONE', #1156, 3.000000000000002665 ) ;
#2482 = ORIENTED_EDGE ( 'NONE', *, *, #2979, .F. ) ;
#2483 = EDGE_LOOP ( 'NONE', ( #2211, #2927 ) ) ;
#2484 = CARTESIAN_POINT ( 'NONE',  ( 236.7285870086934096, 3.500004477727619356, 24.95826786325210023 ) ) ;
#2485 = VERTEX_POINT ( 'NONE', #2867 ) ;
#2486 = CARTESIAN_POINT ( 'NONE',  ( 178.5000000000000000, 380.0762991269879194, 0.000000000000000000 ) ) ;
#2487 = CIRCLE ( 'NONE', #1016, 4.000000000000007105 ) ;
#2488 = CARTESIAN_POINT ( 'NONE',  ( 13.00000000000000000, 12.50000000000000000, 25.00000000000000000 ) ) ;
#2489 = VECTOR ( 'NONE', #2607, 1000.000000000000000 ) ;
#2490 = CARTESIAN_POINT ( 'NONE',  ( 47.99999999999998579, 170.0000000000000000, 25.00000000000000000 ) ) ;
#2491 = DIRECTION ( 'NONE',  ( -0.000000000000000000, -0.000000000000000000, 1.000000000000000000 ) ) ;
#2492 = CIRCLE ( 'NONE', #1459, 1.500000000000001332 ) ;
#2493 = EDGE_CURVE ( 'NONE', #1375, #1219, #2184, .T. ) ;
#2494 = DIRECTION ( 'NONE',  ( -1.000000000000000000, 0.000000000000000000, 0.000000000000000000 ) ) ;
#2495 = EDGE_CURVE ( 'NONE', #2098, #1500, #983, .T. ) ;
#2496 = ORIENTED_EDGE ( 'NONE', *, *, #2462, .T. ) ;
#2497 = CIRCLE ( 'NONE', #239, 3.000000000000002665 ) ;
#2498 = ORIENTED_EDGE ( 'NONE', *, *, #932, .T. ) ;
#2499 = VERTEX_POINT ( 'NONE', #1723 ) ;
#2500 = CARTESIAN_POINT ( 'NONE',  ( 0.6138420405932265567, 0.07629912698803309468, 25.00000000000000000 ) ) ;
#2501 = EDGE_LOOP ( 'NONE', ( #70, #2415, #1807, #493 ) ) ;
#2502 = CARTESIAN_POINT ( 'NONE',  ( 17.00000000000000000, 360.0000000000000000, 12.00000000000000000 ) ) ;
#2503 = AXIS2_PLACEMENT_3D ( 'NONE', #1394, #1867, #1151 ) ;
#2504 = FACE_BOUND ( 'NONE', #1104, .T. ) ;
#2505 = CARTESIAN_POINT ( 'NONE',  ( 112.9999999999999858, 280.0000000000000000, 25.00000000000000000 ) ) ;
#2506 = EDGE_CURVE ( 'NONE', #2499, #2859, #1702, .T. ) ;
#2507 = DIRECTION ( 'NONE',  ( -1.000000000000000000, 0.000000000000000000, 0.000000000000000000 ) ) ;
#2508 = CARTESIAN_POINT ( 'NONE',  ( 75.00000000000000000, -35.92370087301227954, 0.000000000000000000 ) ) ;
#2509 = DIRECTION ( 'NONE',  ( 1.000000000000000000, 0.000000000000000000, 0.000000000000000000 ) ) ;
#2510 = ORIENTED_EDGE ( 'NONE', *, *, #791, .T. ) ;
#2511 = EDGE_CURVE ( 'NONE', #379, #1625, #378, .T. ) ;
#2512 = ORIENTED_EDGE ( 'NONE', *, *, #2158, .T. ) ;
#2513 = EDGE_LOOP ( 'NONE', ( #674, #800 ) ) ;
#2514 = ORIENTED_EDGE ( 'NONE', *, *, #2053, .T. ) ;
#2515 = CARTESIAN_POINT ( 'NONE',  ( 201.9999999999999432, 170.0000000000000000, 25.00000000000000000 ) ) ;
#2516 = FACE_OUTER_BOUND ( 'NONE', #151, .T. ) ;
#2517 = CIRCLE ( 'NONE', #704, 3.000000000000002665 ) ;
#2518 = CARTESIAN_POINT ( 'NONE',  ( 175.0000000000000000, -35.92370087301227954, 9.000000000000000000 ) ) ;
#2519 = FACE_OUTER_BOUND ( 'NONE', #1373, .T. ) ;
#2520 = AXIS2_PLACEMENT_3D ( 'NONE', #2488, #1735, #2670 ) ;
#2521 = AXIS2_PLACEMENT_3D ( 'NONE', #1559, #418, #820 ) ;
#2522 = DIRECTION ( 'NONE',  ( -0.000000000000000000, -0.000000000000000000, 1.000000000000000000 ) ) ;
#2523 = CARTESIAN_POINT ( 'NONE',  ( 155.0000000000000000, 325.0762991269879194, 12.50000000000000355 ) ) ;
#2524 = ORIENTED_EDGE ( 'NONE', *, *, #1152, .F. ) ;
#2525 = ORIENTED_EDGE ( 'NONE', *, *, #1277, .T. ) ;
#2526 = EDGE_LOOP ( 'NONE', ( #280, #2498, #1623, #2151 ) ) ;
#2527 = ORIENTED_EDGE ( 'NONE', *, *, #2511, .F. ) ;
#2528 = DIRECTION ( 'NONE',  ( -0.000000000000000000, 1.000000000000000000, -0.000000000000000000 ) ) ;
#2529 = CARTESIAN_POINT ( 'NONE',  ( 3.000000000000006217, 360.0000000000000000, 12.00000000000000000 ) ) ;
#2530 = ADVANCED_FACE ( 'NONE', ( #1737 ), #2217, .F. ) ;
#2531 = CARTESIAN_POINT ( 'NONE',  ( 175.0000000000000000, 380.0762991269879194, 9.000000000000000000 ) ) ;
#2532 = DIRECTION ( 'NONE',  ( 0.000000000000000000, 0.000000000000000000, 1.000000000000000000 ) ) ;
#2533 = AXIS2_PLACEMENT_3D ( 'NONE', #2851, #1692, #290 ) ;
#2534 = CIRCLE ( 'NONE', #1115, 9.000000000000007105 ) ;
#2535 = VECTOR ( 'NONE', #744, 1000.000000000000000 ) ;
#2536 = AXIS2_PLACEMENT_3D ( 'NONE', #816, #1748, #2712 ) ;
#2537 = DIRECTION ( 'NONE',  ( -1.000000000000000000, 0.000000000000000000, 0.000000000000000000 ) ) ;
#2538 = APPROVAL_STATUS ( 'not_yet_approved' ) ;
#2539 = ORIENTED_EDGE ( 'NONE', *, *, #3032, .F. ) ;
#2540 = EDGE_CURVE ( 'NONE', #1746, #39, #1045, .T. ) ;
#2541 = ORIENTED_EDGE ( 'NONE', *, *, #413, .F. ) ;
#2542 = VERTEX_POINT ( 'NONE', #508 ) ;
#2543 = ORIENTED_EDGE ( 'NONE', *, *, #192, .F. ) ;
#2544 = DIRECTION ( 'NONE',  ( -0.000000000000000000, 0.000000000000000000, 1.000000000000000000 ) ) ;
#2545 = CARTESIAN_POINT ( 'NONE',  ( 245.0000000000000000, 225.0000000000000000, 25.00000000000000000 ) ) ;
#2546 = CARTESIAN_POINT ( 'NONE',  ( 90.50000000000002842, 280.0000000000000000, 12.00000000000000000 ) ) ;
#2547 = CIRCLE ( 'NONE', #595, 1.500000000000001332 ) ;
#2548 = DIRECTION ( 'NONE',  ( 1.000000000000000000, -0.000000000000000000, 0.000000000000000000 ) ) ;
#2549 = ADVANCED_FACE ( 'NONE', ( #1443 ), #2375, .F. ) ;
#2550 = CARTESIAN_POINT ( 'NONE',  ( 111.4999999999999858, 280.0000000000000000, 12.00000000000000000 ) ) ;
#2551 = VERTEX_POINT ( 'NONE', #353 ) ;
#2552 = EDGE_LOOP ( 'NONE', ( #2054, #996, #3001, #2400 ) ) ;
#2553 = ORIENTED_EDGE ( 'NONE', *, *, #2747, .F. ) ;
#2554 = VERTEX_POINT ( 'NONE', #848 ) ;
#2555 = DIRECTION ( 'NONE',  ( 1.000000000000000000, 0.000000000000000000, 0.000000000000000000 ) ) ;
#2556 = CARTESIAN_POINT ( 'NONE',  ( 230.9999999999999716, 12.50000000000000000, 11.00000000000000000 ) ) ;
#2557 = LINE ( 'NONE', #2087, #2644 ) ;
#2558 = DIRECTION ( 'NONE',  ( -1.000000000000000000, 0.000000000000000000, -0.000000000000000000 ) ) ;
#2559 = EDGE_CURVE ( 'NONE', #1834, #1905, #777, .T. ) ;
#2560 = CYLINDRICAL_SURFACE ( 'NONE', #1169, 6.000000000000005329 ) ;
#2561 = VECTOR ( 'NONE', #265, 1000.000000000000000 ) ;
#2562 = EDGE_LOOP ( 'NONE', ( #469, #2596, #179, #2908 ) ) ;
#2563 = EDGE_CURVE ( 'NONE', #52, #103, #1562, .T. ) ;
#2564 = APPROVAL_PERSON_ORGANIZATION ( #480, #2714, #3023 ) ;
#2565 = VERTEX_POINT ( 'NONE', #1779 ) ;
#2566 = CARTESIAN_POINT ( 'NONE',  ( 14.07773753105317027, 3.548634382572403823, 24.96621557631519650 ) ) ;
#2567 = ORIENTED_EDGE ( 'NONE', *, *, #1631, .T. ) ;
#2568 = ORIENTED_EDGE ( 'NONE', *, *, #1848, .T. ) ;
#2569 = FACE_OUTER_BOUND ( 'NONE', #2647, .T. ) ;
#2570 = ADVANCED_FACE ( 'NONE', ( #1291 ), #2230, .T. ) ;
#2571 = CARTESIAN_POINT ( 'NONE',  ( 175.0000000000000000, 380.0762991269879194, -0.000000000000000000 ) ) ;
#2572 = LINE ( 'NONE', #1379, #2399 ) ;
#2573 = DIRECTION ( 'NONE',  ( -0.000000000000000000, -0.000000000000000000, -1.000000000000000000 ) ) ;
#2574 = EDGE_CURVE ( 'NONE', #660, #2499, #1094, .T. ) ;
#2575 = AXIS2_PLACEMENT_3D ( 'NONE', #1150, #2901, #594 ) ;
#2576 = EDGE_CURVE ( 'NONE', #1406, #1450, #1261, .T. ) ;
#2577 = LINE ( 'NONE', #953, #1518 ) ;
#2578 = AXIS2_PLACEMENT_3D ( 'NONE', #1935, #1412, #724 ) ;
#2579 = ADVANCED_FACE ( 'NONE', ( #1525 ), #2427, .F. ) ;
#2580 = ORIENTED_EDGE ( 'NONE', *, *, #366, .F. ) ;
#2581 = CARTESIAN_POINT ( 'NONE',  ( 75.00000000000000000, -35.92370087301227954, 18.00000000000000000 ) ) ;
#2582 = EDGE_LOOP ( 'NONE', ( #2770, #2709, #1232, #1183 ) ) ;
#2583 = ORIENTED_EDGE ( 'NONE', *, *, #1128, .T. ) ;
#2584 = LINE ( 'NONE', #1421, #2293 ) ;
#2585 = CARTESIAN_POINT ( 'NONE',  ( 0.000000000000000000, 380.0762991269879194, 9.000000000000000000 ) ) ;
#2586 = CIRCLE ( 'NONE', #98, 2.000000000000001776 ) ;
#2587 = CARTESIAN_POINT ( 'NONE',  ( 246.5000000000000000, 225.0000000000000000, 25.00000000000000000 ) ) ;
#2588 = CARTESIAN_POINT ( 'NONE',  ( 12.99999999999999645, 360.0000000000000000, 25.00000000000000000 ) ) ;
#2589 = ORIENTED_EDGE ( 'NONE', *, *, #213, .T. ) ;
#2590 = APPLICATION_CONTEXT ( 'configuration controlled 3d designs of mechanical parts and assemblies' ) ;
#2591 = EDGE_CURVE ( 'NONE', #1450, #828, #1736, .T. ) ;
#2592 = CIRCLE ( 'NONE', #342, 9.000000000000001776 ) ;
#2593 = CARTESIAN_POINT ( 'NONE',  ( 195.0000000000000000, 0.07629912698803309468, 25.00000000000000000 ) ) ;
#2594 = DATE_TIME_ROLE ( 'classification_date' ) ;
#2595 = CARTESIAN_POINT ( 'NONE',  ( 13.00000000000001066, 260.0000000000000000, 25.00000000000000000 ) ) ;
#2596 = ORIENTED_EDGE ( 'NONE', *, *, #849, .T. ) ;
#2597 = CARTESIAN_POINT ( 'NONE',  ( 11.65231995922497354, 3.597426467479540868, 24.97152604117050245 ) ) ;
#2598 = ORIENTED_EDGE ( 'NONE', *, *, #1916, .F. ) ;
#2599 = ORIENTED_EDGE ( 'NONE', *, *, #1771, .F. ) ;
#2600 = EDGE_CURVE ( 'NONE', #2282, #2380, #1980, .T. ) ;
#2601 = LINE ( 'NONE', #1685, #277 ) ;
#2602 = CARTESIAN_POINT ( 'NONE',  ( 246.5000000000000000, 225.0000000000000000, 25.00000000000000000 ) ) ;
#2603 = EDGE_CURVE ( 'NONE', #411, #2744, #2898, .T. ) ;
#2604 = LINE ( 'NONE', #994, #2792 ) ;
#2605 = DIRECTION ( 'NONE',  ( -0.000000000000000000, -0.000000000000000000, -1.000000000000000000 ) ) ;
#2606 = EDGE_LOOP ( 'NONE', ( #3010, #1705 ) ) ;
#2607 = DIRECTION ( 'NONE',  ( -0.000000000000000000, -0.000000000000000000, 1.000000000000000000 ) ) ;
#2608 = CARTESIAN_POINT ( 'NONE',  ( 162.5000000000000284, 280.0000000000000000, 25.00000000000000000 ) ) ;
#2609 = ORIENTED_EDGE ( 'NONE', *, *, #1929, .F. ) ;
#2610 = CIRCLE ( 'NONE', #3005, 2.000000000000001776 ) ;
#2611 = LINE ( 'NONE', #496, #2766 ) ;
#2612 = EDGE_LOOP ( 'NONE', ( #2922, #830 ) ) ;
#2613 = DIRECTION ( 'NONE',  ( -0.000000000000000000, 0.000000000000000000, -1.000000000000000000 ) ) ;
#2614 = VECTOR ( 'NONE', #1355, 1000.000000000000000 ) ;
#2615 = VERTEX_POINT ( 'NONE', #802 ) ;
#2616 = ORIENTED_EDGE ( 'NONE', *, *, #2074, .T. ) ;
#2617 = DIRECTION ( 'NONE',  ( 0.000000000000000000, 0.000000000000000000, 1.000000000000000000 ) ) ;
#2618 = CARTESIAN_POINT ( 'NONE',  ( 19.00000000000002842, 12.50000000000000000, 0.000000000000000000 ) ) ;
#2619 = CARTESIAN_POINT ( 'NONE',  ( 246.5000000000000000, 225.0000000000000000, 12.00000000000000000 ) ) ;
#2620 = DIRECTION ( 'NONE',  ( 0.000000000000000000, 1.000000000000000000, -0.000000000000000000 ) ) ;
#2621 = EDGE_LOOP ( 'NONE', ( #772, #2039, #661, #2351 ) ) ;
#2622 = ADVANCED_FACE ( 'NONE', ( #605 ), #323, .F. ) ;
#2623 = DIRECTION ( 'NONE',  ( 1.000000000000000000, 0.000000000000000000, 0.000000000000000000 ) ) ;
#2624 = FACE_OUTER_BOUND ( 'NONE', #691, .T. ) ;
#2625 = AXIS2_PLACEMENT_3D ( 'NONE', #1741, #2966, #1515 ) ;
#2626 = ORIENTED_EDGE ( 'NONE', *, *, #2378, .F. ) ;
#2627 = PLANE ( 'NONE',  #1547 ) ;
#2628 = ORIENTED_EDGE ( 'NONE', *, *, #829, .T. ) ;
#2629 = DIRECTION ( 'NONE',  ( 0.000000000000000000, 1.000000000000000000, -0.000000000000000000 ) ) ;
#2630 = AXIS2_PLACEMENT_3D ( 'NONE', #414, #1349, #2285 ) ;
#2631 = VERTEX_POINT ( 'NONE', #2473 ) ;
#2632 = ORIENTED_EDGE ( 'NONE', *, *, #1324, .T. ) ;
#2633 = DIRECTION ( 'NONE',  ( -0.000000000000000000, -0.000000000000000000, -1.000000000000000000 ) ) ;
#2634 = AXIS2_PLACEMENT_3D ( 'NONE', #2243, #817, #1078 ) ;
#2635 = CARTESIAN_POINT ( 'NONE',  ( -0.000000000000000000, 380.0762991269879194, 0.000000000000000000 ) ) ;
#2636 = CARTESIAN_POINT ( 'NONE',  ( 0.000000000000000000, -35.92370087301227954, 9.000000000000000000 ) ) ;
#2637 = DIRECTION ( 'NONE',  ( -0.000000000000000000, 0.000000000000000000, -1.000000000000000000 ) ) ;
#2638 = ORIENTED_EDGE ( 'NONE', *, *, #2462, .F. ) ;
#2639 = CIRCLE ( 'NONE', #880, 4.000000000000007105 ) ;
#2640 = CARTESIAN_POINT ( 'NONE',  ( 153.3638420405932266, 160.0762991269880047, 25.00000000000000000 ) ) ;
#2641 = DIRECTION ( 'NONE',  ( -1.000000000000000000, 0.000000000000000000, 0.000000000000000000 ) ) ;
#2642 = EDGE_CURVE ( 'NONE', #1503, #955, #2808, .T. ) ;
#2643 = CARTESIAN_POINT ( 'NONE',  ( 137.0000000000000000, 280.0000000000000000, 25.00000000000000000 ) ) ;
#2644 = VECTOR ( 'NONE', #2762, 1000.000000000000000 ) ;
#2645 = EDGE_LOOP ( 'NONE', ( #1482, #2850 ) ) ;
#2646 = LINE ( 'NONE', #2414, #309 ) ;
#2647 = EDGE_LOOP ( 'NONE', ( #1356, #162, #2335, #2496 ) ) ;
#2648 = VERTEX_POINT ( 'NONE', #1766 ) ;
#2649 = FACE_OUTER_BOUND ( 'NONE', #1056, .T. ) ;
#2650 = CARTESIAN_POINT ( 'NONE',  ( 155.3638420405932266, 160.0762991269880047, 25.00000000000000000 ) ) ;
#2651 = DIRECTION ( 'NONE',  ( -0.000000000000000000, -0.000000000000000000, -1.000000000000000000 ) ) ;
#2652 = DIRECTION ( 'NONE',  ( -0.000000000000000000, -0.000000000000000000, -1.000000000000000000 ) ) ;
#2653 = DIRECTION ( 'NONE',  ( 0.000000000000000000, 0.000000000000000000, -1.000000000000000000 ) ) ;
#2654 = DIRECTION ( 'NONE',  ( 0.000000000000000000, 0.000000000000000000, -1.000000000000000000 ) ) ;
#2655 = DIRECTION ( 'NONE',  ( -0.000000000000000000, 0.000000000000000000, 1.000000000000000000 ) ) ;
#2656 = CC_DESIGN_PERSON_AND_ORGANIZATION_ASSIGNMENT ( #1844, #450, ( #583 ) ) ;
#2657 = CARTESIAN_POINT ( 'NONE',  ( 13.00000000000001066, 260.0000000000000000, 25.00000000000000000 ) ) ;
#2658 = CIRCLE ( 'NONE', #2918, 1.500000000000001332 ) ;
#2659 = CARTESIAN_POINT ( 'NONE',  ( 90.50000000000002842, 280.0000000000000000, 25.00000000000000000 ) ) ;
#2660 = EDGE_CURVE ( 'NONE', #2253, #1027, #415, .T. ) ;
#2661 = ORIENTED_EDGE ( 'NONE', *, *, #1538, .F. ) ;
#2662 = ORIENTED_EDGE ( 'NONE', *, *, #1021, .T. ) ;
#2663 = LINE ( 'NONE', #1501, #2825 ) ;
#2664 = VECTOR ( 'NONE', #2905, 1000.000000000000000 ) ;
#2665 = ORIENTED_EDGE ( 'NONE', *, *, #1817, .T. ) ;
#2666 = LINE ( 'NONE', #2162, #1254 ) ;
#2667 = ORIENTED_EDGE ( 'NONE', *, *, #2254, .F. ) ;
#2668 = FACE_OUTER_BOUND ( 'NONE', #2552, .T. ) ;
#2669 = AXIS2_PLACEMENT_3D ( 'NONE', #1233, #1478, #2871 ) ;
#2670 = DIRECTION ( 'NONE',  ( -1.000000000000000000, 0.000000000000000000, 0.000000000000000000 ) ) ;
#2671 = DIRECTION ( 'NONE',  ( 1.000000000000000000, 0.000000000000000000, 0.000000000000000000 ) ) ;
#2672 = EDGE_CURVE ( 'NONE', #1024, #927, #1294, .T. ) ;
#2673 = CARTESIAN_POINT ( 'NONE',  ( 243.0000000000000000, 12.50000000000000000, 11.00000000000000000 ) ) ;
#2674 = CARTESIAN_POINT ( 'NONE',  ( 245.0000000000000000, 225.0000000000000000, 25.00000000000000000 ) ) ;
#2675 = CIRCLE ( 'NONE', #1353, 9.000000000000007105 ) ;
#2676 = DIRECTION ( 'NONE',  ( -1.000000000000000000, 0.000000000000000000, 0.000000000000000000 ) ) ;
#2677 = DIRECTION ( 'NONE',  ( -0.000000000000000000, 1.000000000000000000, -0.000000000000000000 ) ) ;
#2678 = ORIENTED_EDGE ( 'NONE', *, *, #2563, .F. ) ;
#2679 = ADVANCED_FACE ( 'NONE', ( #1539 ), #124, .F. ) ;
#2680 = CIRCLE ( 'NONE', #2438, 1.500000000000001332 ) ;
#2681 = ORIENTED_EDGE ( 'NONE', *, *, #192, .T. ) ;
#2682 = FACE_OUTER_BOUND ( 'NONE', #383, .T. ) ;
#2683 = VECTOR ( 'NONE', #2167, 1000.000000000000000 ) ;
#2684 = CARTESIAN_POINT ( 'NONE',  ( 161.0000000000000284, 280.0000000000000000, 12.00000000000000000 ) ) ;
#2685 = FACE_OUTER_BOUND ( 'NONE', #766, .T. ) ;
#2686 = DIRECTION ( 'NONE',  ( -0.000000000000000000, -0.000000000000000000, -1.000000000000000000 ) ) ;
#2687 = DIRECTION ( 'NONE',  ( 0.000000000000000000, 0.000000000000000000, 1.000000000000000000 ) ) ;
#2688 = DIRECTION ( 'NONE',  ( 0.000000000000000000, 1.000000000000000000, -0.000000000000000000 ) ) ;
#2689 = DIRECTION ( 'NONE',  ( -0.000000000000000000, -0.000000000000000000, -1.000000000000000000 ) ) ;
#2690 = EDGE_CURVE ( 'NONE', #942, #1905, #2444, .T. ) ;
#2691 = AXIS2_PLACEMENT_3D ( 'NONE', #1527, #371, #2936 ) ;
#2692 = CARTESIAN_POINT ( 'NONE',  ( 243.5000000000000000, 345.0000000000000000, 12.00000000000000000 ) ) ;
#2693 = EDGE_LOOP ( 'NONE', ( #2384, #686, #702, #1667, #2866, #2453, #1241, #2524, #2269, #2525, #1054, #1836 ) ) ;
#2694 = CIRCLE ( 'NONE', #2260, 3.000000000000002665 ) ;
#2695 = VERTEX_POINT ( 'NONE', #2701 ) ;
#2696 = ORIENTED_EDGE ( 'NONE', *, *, #2934, .F. ) ;
#2697 = DIRECTION ( 'NONE',  ( 1.000000000000000000, 0.000000000000000000, 0.000000000000000000 ) ) ;
#2698 = EDGE_CURVE ( 'NONE', #1612, #2166, #2472, .T. ) ;
#2699 = PLANE ( 'NONE',  #1543 ) ;
#2700 = DIRECTION ( 'NONE',  ( 0.000000000000000000, 0.000000000000000000, 1.000000000000000000 ) ) ;
#2701 = CARTESIAN_POINT ( 'NONE',  ( 250.6138420405932266, 0.07629912698803309468, 0.000000000000000000 ) ) ;
#2702 = EDGE_CURVE ( 'NONE', #833, #2098, #113, .T. ) ;
#2703 = CARTESIAN_POINT ( 'NONE',  ( 178.5000000000000000, 380.0762991269879194, -0.000000000000000000 ) ) ;
#2704 = DIRECTION ( 'NONE',  ( -1.000000000000000000, 0.000000000000000000, 0.000000000000000000 ) ) ;
#2705 = DIRECTION ( 'NONE',  ( 1.000000000000000000, 0.000000000000000000, 0.000000000000000000 ) ) ;
#2706 = DIRECTION ( 'NONE',  ( -1.000000000000000000, 0.000000000000000000, 0.000000000000000000 ) ) ;
#2707 = EDGE_CURVE ( 'NONE', #2098, #660, #2365, .T. ) ;
#2708 = ORIENTED_EDGE ( 'NONE', *, *, #1688, .T. ) ;
#2709 = ORIENTED_EDGE ( 'NONE', *, *, #1152, .T. ) ;
#2710 = ORIENTED_EDGE ( 'NONE', *, *, #725, .T. ) ;
#2711 = CARTESIAN_POINT ( 'NONE',  ( 111.4999999999999858, 280.0000000000000000, 25.00000000000000000 ) ) ;
#2712 = DIRECTION ( 'NONE',  ( 1.000000000000000000, 0.000000000000000000, 0.000000000000000000 ) ) ;
#2713 = LINE ( 'NONE', #169, #3021 ) ;
#2714 = APPROVAL ( #2064, 'æœª' ) ;
#2715 = AXIS2_PLACEMENT_3D ( 'NONE', #37, #187, #1811 ) ;
#2716 = CARTESIAN_POINT ( 'NONE',  ( 195.0000000000000000, -35.92370087301227954, 0.000000000000000000 ) ) ;
#2717 = AXIS2_PLACEMENT_3D ( 'NONE', #2357, #2573, #2835 ) ;
#2718 = CARTESIAN_POINT ( 'NONE',  ( 175.0000000000000000, 380.0762991269879194, 18.00000000000000000 ) ) ;
#2719 = ADVANCED_BREP_SHAPE_REPRESENTATION ( '\X2\80cc677f53cd5de5\X0\', ( #1100, #461 ), #2425 ) ;
#2720 = CARTESIAN_POINT ( 'NONE',  ( 44.99999999999998579, 110.0000000000000142, 5.000000000000000888 ) ) ;
#2721 = EDGE_CURVE ( 'NONE', #2744, #1485, #2125, .T. ) ;
#2722 = DIRECTION ( 'NONE',  ( 1.000000000000000000, 0.000000000000000000, 0.000000000000000000 ) ) ;
#2723 = DIRECTION ( 'NONE',  ( 0.000000000000000000, 0.000000000000000000, 1.000000000000000000 ) ) ;
#2724 = ORIENTED_EDGE ( 'NONE', *, *, #743, .F. ) ;
#2725 = ORIENTED_EDGE ( 'NONE', *, *, #2698, .T. ) ;
#2726 = ORIENTED_EDGE ( 'NONE', *, *, #1358, .F. ) ;
#2727 = LINE ( 'NONE', #874, #2430 ) ;
#2728 = CIRCLE ( 'NONE', #2329, 1.500000000000001332 ) ;
#2729 = EDGE_LOOP ( 'NONE', ( #2769, #240 ) ) ;
#2730 = DIRECTION ( 'NONE',  ( -1.000000000000000000, 0.000000000000000000, 0.000000000000000000 ) ) ;
#2731 = AXIS2_PLACEMENT_3D ( 'NONE', #907, #1395, #203 ) ;
#2732 = CARTESIAN_POINT ( 'NONE',  ( 15.65912455612274812, 3.884573156143865891, 25.00000000000000000 ) ) ;
#2733 = CIRCLE ( 'NONE', #1754, 4.000000000000000000 ) ;
#2734 = CARTESIAN_POINT ( 'NONE',  ( 207.9999999999999716, 109.9999999999999858, 5.000000000000000888 ) ) ;
#2735 = CARTESIAN_POINT ( 'NONE',  ( 3.999999999999998224, 12.50000000000000000, 25.00000000000000000 ) ) ;
#2736 = CIRCLE ( 'NONE', #1512, 2.000000000000000888 ) ;
#2737 = ADVANCED_FACE ( 'NONE', ( #170 ), #1585, .F. ) ;
#2738 = DIRECTION ( 'NONE',  ( -0.000000000000000000, 1.000000000000000000, -0.000000000000000000 ) ) ;
#2739 = DIRECTION ( 'NONE',  ( 0.000000000000000000, 0.000000000000000000, 1.000000000000000000 ) ) ;
#2740 = EDGE_LOOP ( 'NONE', ( #222, #1187, #2756 ) ) ;
#2741 = CIRCLE ( 'NONE', #924, 2.000000000000001776 ) ;
#2742 = EDGE_CURVE ( 'NONE', #283, #408, #2141, .T. ) ;
#2743 = EDGE_LOOP ( 'NONE', ( #1914, #2984, #1532, #422 ) ) ;
#2744 = VERTEX_POINT ( 'NONE', #2977 ) ;
#2745 = ORIENTED_EDGE ( 'NONE', *, *, #1280, .T. ) ;
#2746 = DIRECTION ( 'NONE',  ( -1.000000000000000000, 0.000000000000000000, 0.000000000000000000 ) ) ;
#2747 = EDGE_CURVE ( 'NONE', #2225, #184, #1193, .T. ) ;
#2748 = DIRECTION ( 'NONE',  ( 0.000000000000000000, 1.000000000000000000, 0.000000000000000000 ) ) ;
#2749 = CYLINDRICAL_SURFACE ( 'NONE', #1130, 6.000000000000005329 ) ;
#2750 = CARTESIAN_POINT ( 'NONE',  ( 201.9999999999999432, 170.0000000000000000, 5.000000000000000888 ) ) ;
#2751 = ADVANCED_FACE ( 'NONE', ( #890 ), #1202, .F. ) ;
#2752 = DIRECTION ( 'NONE',  ( 1.000000000000000000, -0.000000000000000000, 0.000000000000000000 ) ) ;
#2753 = CARTESIAN_POINT ( 'NONE',  ( 161.0000000000000284, 280.0000000000000000, 25.00000000000000000 ) ) ;
#2754 = VERTEX_POINT ( 'NONE', #1600 ) ;
#2755 = ADVANCED_FACE ( 'NONE', ( #2336 ), #1186, .F. ) ;
#2756 = ORIENTED_EDGE ( 'NONE', *, *, #1167, .T. ) ;
#2757 = ORIENTED_EDGE ( 'NONE', *, *, #3011, .T. ) ;
#2758 = ORIENTED_EDGE ( 'NONE', *, *, #61, .F. ) ;
#2759 = DIRECTION ( 'NONE',  ( -0.000000000000000000, -0.000000000000000000, -1.000000000000000000 ) ) ;
#2760 = CARTESIAN_POINT ( 'NONE',  ( 11.91870648407623179, 3.561117937423776247, 24.96676099963610085 ) ) ;
#2761 = DIRECTION ( 'NONE',  ( -0.000000000000000000, -0.000000000000000000, -1.000000000000000000 ) ) ;
#2762 = DIRECTION ( 'NONE',  ( -0.000000000000000000, 1.000000000000000000, -0.000000000000000000 ) ) ;
#2763 = CARTESIAN_POINT ( 'NONE',  ( 250.6138420405932266, 380.0762991269879194, 25.00000000000000000 ) ) ;
#2764 = AXIS2_PLACEMENT_3D ( 'NONE', #2523, #392, #2723 ) ;
#2765 = ADVANCED_FACE ( 'NONE', ( #2516 ), #1175, .F. ) ;
#2766 = VECTOR ( 'NONE', #1218, 1000.000000000000000 ) ;
#2767 = CYLINDRICAL_SURFACE ( 'NONE', #591, 1.500000000000001332 ) ;
#2768 = PERSON_AND_ORGANIZATION_ROLE ( 'classification_officer' ) ;
#2769 = ORIENTED_EDGE ( 'NONE', *, *, #149, .F. ) ;
#2770 = ORIENTED_EDGE ( 'NONE', *, *, #1205, .F. ) ;
#2771 = ORIENTED_EDGE ( 'NONE', *, *, #1339, .F. ) ;
#2772 = ORIENTED_EDGE ( 'NONE', *, *, #2254, .T. ) ;
#2773 = EDGE_CURVE ( 'NONE', #534, #2480, #1436, .T. ) ;
#2774 = CARTESIAN_POINT ( 'NONE',  ( 55.00000000000000000, -35.92370087301227954, 9.000000000000000000 ) ) ;
#2775 = CARTESIAN_POINT ( 'NONE',  ( 0.6138420405932265567, 0.000000000000000000, 25.00000000000000000 ) ) ;
#2776 = DIRECTION ( 'NONE',  ( -0.000000000000000000, -0.000000000000000000, -1.000000000000000000 ) ) ;
#2777 = CARTESIAN_POINT ( 'NONE',  ( 227.9999999999999716, 12.50000000000000000, 25.00000000000000000 ) ) ;
#2778 = CIRCLE ( 'NONE', #2334, 3.000000000000002665 ) ;
#2779 = AXIS2_PLACEMENT_3D ( 'NONE', #2315, #1630, #2276 ) ;
#2780 = AXIS2_PLACEMENT_3D ( 'NONE', #703, #1599, #1121 ) ;
#2781 = AXIS2_PLACEMENT_3D ( 'NONE', #1777, #2651, #1965 ) ;
#2782 = FACE_OUTER_BOUND ( 'NONE', #1131, .T. ) ;
#2783 = ORIENTED_EDGE ( 'NONE', *, *, #2747, .T. ) ;
#2784 = ORIENTED_EDGE ( 'NONE', *, *, #395, .F. ) ;
#2785 = VECTOR ( 'NONE', #276, 1000.000000000000000 ) ;
#2786 = ORIENTED_EDGE ( 'NONE', *, *, #1217, .F. ) ;
#2787 = ORIENTED_EDGE ( 'NONE', *, *, #2116, .T. ) ;
#2788 = FACE_OUTER_BOUND ( 'NONE', #1695, .T. ) ;
#2789 = EDGE_CURVE ( 'NONE', #1720, #1500, #361, .T. ) ;
#2790 = DIRECTION ( 'NONE',  ( -0.000000000000000000, -0.000000000000000000, -1.000000000000000000 ) ) ;
#2791 = CARTESIAN_POINT ( 'NONE',  ( 155.0000000000000000, 325.0762991269879194, 8.500000000000010658 ) ) ;
#2792 = VECTOR ( 'NONE', #2163, 1000.000000000000000 ) ;
#2793 = CARTESIAN_POINT ( 'NONE',  ( 155.0000000000000000, 325.0762991269879194, 12.50000000000000355 ) ) ;
#2794 = ADVANCED_FACE ( 'NONE', ( #1895 ), #2287, .F. ) ;
#2795 = DIRECTION ( 'NONE',  ( 0.000000000000000000, -0.000000000000000000, 1.000000000000000000 ) ) ;
#2796 = EDGE_LOOP ( 'NONE', ( #1920, #1774, #1961, #2268 ) ) ;
#2797 = EDGE_LOOP ( 'NONE', ( #2113, #1099, #316, #2034 ) ) ;
#2798 = ORIENTED_EDGE ( 'NONE', *, *, #1651, .T. ) ;
#2799 = ORIENTED_EDGE ( 'NONE', *, *, #2442, .T. ) ;
#2800 = DIRECTION ( 'NONE',  ( -0.000000000000000000, 0.000000000000000000, 1.000000000000000000 ) ) ;
#2801 = ADVANCED_FACE ( 'NONE', ( #2828, #1122, #1668, #2504, #2057 ), #941, .T. ) ;
#2802 = CARTESIAN_POINT ( 'NONE',  ( 55.00000000000000000, -35.92370087301227954, 0.000000000000000000 ) ) ;
#2803 = DIRECTION ( 'NONE',  ( -0.000000000000000000, -0.000000000000000000, -1.000000000000000000 ) ) ;
#2804 = CARTESIAN_POINT ( 'NONE',  ( 175.0000000000000000, 0.07629912698803309468, 18.00000000000000000 ) ) ;
#2805 = CIRCLE ( 'NONE', #659, 6.000000000000005329 ) ;
#2806 = ADVANCED_FACE ( 'NONE', ( #1942 ), #1480, .F. ) ;
#2807 = LINE ( 'NONE', #711, #1907 ) ;
#2808 = CIRCLE ( 'NONE', #1244, 3.999999999999993339 ) ;
#2809 = CALENDAR_DATE ( 2024, 8, 10 ) ;
#2810 = AXIS2_PLACEMENT_3D ( 'NONE', #1014, #2408, #1909 ) ;
#2811 = ORIENTED_EDGE ( 'NONE', *, *, #2264, .T. ) ;
#2812 = CARTESIAN_POINT ( 'NONE',  ( 225.0000000000000000, 325.0762991269879194, 12.49999999999999645 ) ) ;
#2813 = ORIENTED_EDGE ( 'NONE', *, *, #177, .T. ) ;
#2814 = ORIENTED_EDGE ( 'NONE', *, *, #278, .F. ) ;
#2815 = CARTESIAN_POINT ( 'NONE',  ( 111.4999999999999858, 280.0000000000000000, 25.00000000000000000 ) ) ;
#2816 = CARTESIAN_POINT ( 'NONE',  ( 58.50000000000000000, 0.07629912698803309468, 25.00000000000000000 ) ) ;
#2817 = VECTOR ( 'NONE', #74, 1000.000000000000000 ) ;
#2818 = FACE_OUTER_BOUND ( 'NONE', #258, .T. ) ;
#2819 = DIRECTION ( 'NONE',  ( -1.000000000000000000, 0.000000000000000000, 0.000000000000000000 ) ) ;
#2820 = VERTEX_POINT ( 'NONE', #781 ) ;
#2821 = AXIS2_PLACEMENT_3D ( 'NONE', #357, #2071, #2477 ) ;
#2822 = PLANE ( 'NONE',  #2691 ) ;
#2823 = PERSON_AND_ORGANIZATION_ROLE ( 'design_supplier' ) ;
#2824 = EDGE_CURVE ( 'NONE', #2413, #1088, #2646, .T. ) ;
#2825 = VECTOR ( 'NONE', #569, 1000.000000000000000 ) ;
#2826 = CARTESIAN_POINT ( 'NONE',  ( 233.8312047080920877, 4.076299126988033095, 25.00000000000000000 ) ) ;
#2827 = ORIENTED_EDGE ( 'NONE', *, *, #1861, .T. ) ;
#2828 = FACE_BOUND ( 'NONE', #1759, .T. ) ;
#2829 = ORIENTED_EDGE ( 'NONE', *, *, #2397, .T. ) ;
#2830 = ORIENTED_EDGE ( 'NONE', *, *, #606, .T. ) ;
#2831 = CARTESIAN_POINT ( 'NONE',  ( 0.000000000000000000, -35.92370087301227954, 9.000000000000000000 ) ) ;
#2832 = FACE_OUTER_BOUND ( 'NONE', #2956, .T. ) ;
#2833 = VECTOR ( 'NONE', #1231, 1000.000000000000000 ) ;
#2834 = DIRECTION ( 'NONE',  ( 1.000000000000000000, 0.000000000000000000, 0.000000000000000000 ) ) ;
#2835 = DIRECTION ( 'NONE',  ( -1.000000000000000000, 0.000000000000000000, 0.000000000000000000 ) ) ;
#2836 = ORIENTED_EDGE ( 'NONE', *, *, #567, .F. ) ;
#2837 = CIRCLE ( 'NONE', #2014, 1.500000000000001332 ) ;
#2838 = CARTESIAN_POINT ( 'NONE',  ( 95.00000000000000000, 325.0762991269879194, 12.49999999999999645 ) ) ;
#2839 = ORIENTED_EDGE ( 'NONE', *, *, #465, .F. ) ;
#2840 = CARTESIAN_POINT ( 'NONE',  ( 155.0000000000000000, 380.0762991269879194, 16.49999999999999645 ) ) ;
#2841 = ORIENTED_EDGE ( 'NONE', *, *, #297, .F. ) ;
#2842 = CARTESIAN_POINT ( 'NONE',  ( 0.000000000000000000, 325.0762991269879194, 0.000000000000000000 ) ) ;
#2843 = ORIENTED_EDGE ( 'NONE', *, *, #1588, .F. ) ;
#2844 = ORIENTED_EDGE ( 'NONE', *, *, #2147, .T. ) ;
#2845 = CARTESIAN_POINT ( 'NONE',  ( 15.00000000000000000, 360.0000000000000000, 25.00000000000000000 ) ) ;
#2846 = ADVANCED_FACE ( 'NONE', ( #2888 ), #1973, .T. ) ;
#2847 = CYLINDRICAL_SURFACE ( 'NONE', #1487, 2.000000000000003553 ) ;
#2848 = CARTESIAN_POINT ( 'NONE',  ( 0.000000000000000000, 0.000000000000000000, 25.00000000000000000 ) ) ;
#2849 = LINE ( 'NONE', #1440, #314 ) ;
#2850 = ORIENTED_EDGE ( 'NONE', *, *, #563, .T. ) ;
#2851 = CARTESIAN_POINT ( 'NONE',  ( 0.000000000000000000, 0.000000000000000000, 12.00000000000000000 ) ) ;
#2852 = DIRECTION ( 'NONE',  ( -1.000000000000000000, 0.000000000000000000, 0.000000000000000000 ) ) ;
#2853 = EDGE_CURVE ( 'NONE', #21, #1699, #2157, .T. ) ;
#2854 = ORIENTED_EDGE ( 'NONE', *, *, #233, .T. ) ;
#2855 = CYLINDRICAL_SURFACE ( 'NONE', #462, 3.000000000000002665 ) ;
#2856 = VERTEX_POINT ( 'NONE', #1283 ) ;
#2857 = DIRECTION ( 'NONE',  ( -0.000000000000000000, -0.000000000000000000, 1.000000000000000000 ) ) ;
#2858 = VECTOR ( 'NONE', #2183, 1000.000000000000000 ) ;
#2859 = VERTEX_POINT ( 'NONE', #810 ) ;
#2860 = EDGE_LOOP ( 'NONE', ( #1908, #1426, #2745, #1691 ) ) ;
#2861 = DIRECTION ( 'NONE',  ( 0.000000000000000000, 0.000000000000000000, -1.000000000000000000 ) ) ;
#2862 = DIRECTION ( 'NONE',  ( 0.000000000000000000, 0.000000000000000000, 1.000000000000000000 ) ) ;
#2863 = EDGE_CURVE ( 'NONE', #2297, #511, #18, .T. ) ;
#2864 = DIRECTION ( 'NONE',  ( 0.000000000000000000, 0.000000000000000000, 1.000000000000000000 ) ) ;
#2865 = CARTESIAN_POINT ( 'NONE',  ( 97.86384204059322656, 160.0762991269880047, 12.00000000000000178 ) ) ;
#2866 = ORIENTED_EDGE ( 'NONE', *, *, #2707, .F. ) ;
#2867 = CARTESIAN_POINT ( 'NONE',  ( 71.50000000000000000, 0.07629912698803309468, 0.000000000000000000 ) ) ;
#2868 = LINE ( 'NONE', #1923, #389 ) ;
#2869 = AXIS2_PLACEMENT_3D ( 'NONE', #2464, #160, #610 ) ;
#2870 = AXIS2_PLACEMENT_3D ( 'NONE', #2793, #419, #2532 ) ;
#2871 = DIRECTION ( 'NONE',  ( -1.000000000000000000, 0.000000000000000000, 0.000000000000000000 ) ) ;
#2872 = ADVANCED_FACE ( 'NONE', ( #1465 ), #1250, .F. ) ;
#2873 = ORIENTED_EDGE ( 'NONE', *, *, #1554, .F. ) ;
#2874 = DIRECTION ( 'NONE',  ( -0.000000000000000000, 0.000000000000000000, -1.000000000000000000 ) ) ;
#2875 = CIRCLE ( 'NONE', #1359, 2.000000000000001776 ) ;
#2876 = ORIENTED_EDGE ( 'NONE', *, *, #1228, .F. ) ;
#2877 = EDGE_LOOP ( 'NONE', ( #2156, #842 ) ) ;
#2878 = CARTESIAN_POINT ( 'NONE',  ( 24.99999999999999289, 325.0762991269879194, 8.499999999999996447 ) ) ;
#2879 = VECTOR ( 'NONE', #1584, 1000.000000000000000 ) ;
#2880 = CARTESIAN_POINT ( 'NONE',  ( 13.00000000000001066, 260.0000000000000000, 12.00000000000000000 ) ) ;
#2881 = DIRECTION ( 'NONE',  ( -0.000000000000000000, -0.000000000000000000, -1.000000000000000000 ) ) ;
#2882 = FACE_BOUND ( 'NONE', #2050, .T. ) ;
#2883 = EDGE_CURVE ( 'NONE', #1612, #251, #85, .T. ) ;
#2884 = CARTESIAN_POINT ( 'NONE',  ( 21.67471647004093427, 366.3184203014566833, 10.27682896623246300 ) ) ;
#2885 = DIRECTION ( 'NONE',  ( -0.000000000000000000, 0.000000000000000000, 1.000000000000000000 ) ) ;
#2886 = ADVANCED_FACE ( 'NONE', ( #2401 ), #102, .F. ) ;
#2887 = CARTESIAN_POINT ( 'NONE',  ( 138.5000000000000000, 280.0000000000000000, 12.00000000000000000 ) ) ;
#2888 = FACE_OUTER_BOUND ( 'NONE', #2483, .T. ) ;
#2889 = EDGE_LOOP ( 'NONE', ( #798, #2970, #1760, #736 ) ) ;
#2890 = ADVANCED_FACE ( 'NONE', ( #2381 ), #1912, .F. ) ;
#2891 = EDGE_LOOP ( 'NONE', ( #1483, #873, #958, #1039, #210, #360 ) ) ;
#2892 = CYLINDRICAL_SURFACE ( 'NONE', #1117, 9.000000000000007105 ) ;
#2893 = ORIENTED_EDGE ( 'NONE', *, *, #1092, .F. ) ;
#2894 = FACE_OUTER_BOUND ( 'NONE', #295, .T. ) ;
#2895 = EDGE_CURVE ( 'NONE', #1660, #1222, #1516, .T. ) ;
#2896 = DIRECTION ( 'NONE',  ( -1.000000000000000000, 0.000000000000000000, 0.000000000000000000 ) ) ;
#2897 = CARTESIAN_POINT ( 'NONE',  ( 153.3638420405932266, 160.0762991269880047, 12.00000000000000178 ) ) ;
#2898 = LINE ( 'NONE', #2026, #1101 ) ;
#2899 = CARTESIAN_POINT ( 'NONE',  ( 13.00000000000001066, 12.50000000000000000, 0.000000000000000000 ) ) ;
#2900 = DIRECTION ( 'NONE',  ( -0.000000000000000000, 0.000000000000000000, 1.000000000000000000 ) ) ;
#2901 = DIRECTION ( 'NONE',  ( -0.000000000000000000, 0.000000000000000000, -1.000000000000000000 ) ) ;
#2902 = EDGE_CURVE ( 'NONE', #2066, #1834, #1448, .T. ) ;
#2903 = DIRECTION ( 'NONE',  ( -1.000000000000000000, 0.000000000000000000, 0.000000000000000000 ) ) ;
#2904 = VECTOR ( 'NONE', #1901, 1000.000000000000000 ) ;
#2905 = DIRECTION ( 'NONE',  ( -0.000000000000000000, -0.000000000000000000, -1.000000000000000000 ) ) ;
#2906 = VERTEX_POINT ( 'NONE', #2222 ) ;
#2907 = AXIS2_PLACEMENT_3D ( 'NONE', #2812, #651, #956 ) ;
#2908 = ORIENTED_EDGE ( 'NONE', *, *, #2493, .F. ) ;
#2909 = DIRECTION ( 'NONE',  ( -0.000000000000000000, 1.000000000000000000, -0.000000000000000000 ) ) ;
#2910 = DIRECTION ( 'NONE',  ( 0.000000000000000000, 0.000000000000000000, 1.000000000000000000 ) ) ;
#2911 = DIRECTION ( 'NONE',  ( -1.000000000000000000, 0.000000000000000000, 0.000000000000000000 ) ) ;
#2912 = VECTOR ( 'NONE', #1323, 1000.000000000000000 ) ;
#2913 = ADVANCED_FACE ( 'NONE', ( #1007 ), #564, .F. ) ;
#2914 = DIRECTION ( 'NONE',  ( 1.000000000000000000, -0.000000000000000000, -0.000000000000000000 ) ) ;
#2915 = DIRECTION ( 'NONE',  ( 0.000000000000000000, 0.000000000000000000, 1.000000000000000000 ) ) ;
#2916 = DIRECTION ( 'NONE',  ( -0.000000000000000000, -0.000000000000000000, -1.000000000000000000 ) ) ;
#2917 = DIRECTION ( 'NONE',  ( -0.000000000000000000, -0.000000000000000000, -1.000000000000000000 ) ) ;
#2918 = AXIS2_PLACEMENT_3D ( 'NONE', #538, #1932, #349 ) ;
#2919 = CARTESIAN_POINT ( 'NONE',  ( 204.9999999999999716, 109.9999999999999858, 25.00000000000000000 ) ) ;
#2920 = EDGE_CURVE ( 'NONE', #1024, #1222, #1037, .T. ) ;
#2921 =( NAMED_UNIT ( * ) PLANE_ANGLE_UNIT ( ) SI_UNIT ( $, .RADIAN. ) );
#2922 = ORIENTED_EDGE ( 'NONE', *, *, #2138, .F. ) ;
#2923 = CIRCLE ( 'NONE', #967, 1.500000000000001332 ) ;
#2924 = EDGE_CURVE ( 'NONE', #411, #550, #330, .T. ) ;
#2925 = VERTEX_POINT ( 'NONE', #281 ) ;
#2926 = AXIS2_PLACEMENT_3D ( 'NONE', #1738, #2491, #1325 ) ;
#2927 = ORIENTED_EDGE ( 'NONE', *, *, #992, .T. ) ;
#2928 = DIRECTION ( 'NONE',  ( -0.000000000000000000, 0.000000000000000000, 1.000000000000000000 ) ) ;
#2929 = CIRCLE ( 'NONE', #1565, 2.000000000000003553 ) ;
#2930 = FACE_OUTER_BOUND ( 'NONE', #2729, .T. ) ;
#2931 = DIRECTION ( 'NONE',  ( -1.000000000000000000, 0.000000000000000000, 0.000000000000000000 ) ) ;
#2932 = CIRCLE ( 'NONE', #2536, 1.500000000000001332 ) ;
#2933 = CARTESIAN_POINT ( 'NONE',  ( 87.50000000000002842, 280.0000000000000000, 25.00000000000000000 ) ) ;
#2934 = EDGE_CURVE ( 'NONE', #2958, #1944, #1682, .T. ) ;
#2935 = CARTESIAN_POINT ( 'NONE',  ( 195.0000000000000000, 380.0762991269879194, 0.000000000000000000 ) ) ;
#2936 = DIRECTION ( 'NONE',  ( -1.000000000000000000, 0.000000000000000000, 0.000000000000000000 ) ) ;
#2937 = CYLINDRICAL_SURFACE ( 'NONE', #1015, 1.500000000000029088 ) ;
#2938 = CARTESIAN_POINT ( 'NONE',  ( 204.9999999999999716, 109.9999999999999858, 5.000000000000000888 ) ) ;
#2939 = EDGE_CURVE ( 'NONE', #1287, #2565, #2318, .T. ) ;
#2940 = ORIENTED_EDGE ( 'NONE', *, *, #1453, .T. ) ;
#2941 = VECTOR ( 'NONE', #934, 1000.000000000000000 ) ;
#2942 = ORIENTED_EDGE ( 'NONE', *, *, #701, .F. ) ;
#2943 = ORIENTED_EDGE ( 'NONE', *, *, #1477, .T. ) ;
#2944 = LINE ( 'NONE', #2972, #2286 ) ;
#2945 = PLANE ( 'NONE',  #1783 ) ;
#2946 = EDGE_CURVE ( 'NONE', #2323, #831, #2049, .T. ) ;
#2947 = FACE_OUTER_BOUND ( 'NONE', #547, .T. ) ;
#2948 = DIRECTION ( 'NONE',  ( -1.000000000000000000, 0.000000000000000000, 0.000000000000000000 ) ) ;
#2949 = CARTESIAN_POINT ( 'NONE',  ( 3.000000000000006217, 360.0000000000000000, 25.00000000000000000 ) ) ;
#2950 = DIRECTION ( 'NONE',  ( 0.000000000000000000, 0.000000000000000000, -1.000000000000000000 ) ) ;
#2951 = CARTESIAN_POINT ( 'NONE',  ( 0.000000000000000000, 0.000000000000000000, 5.000000000000000000 ) ) ;
#2952 = EDGE_CURVE ( 'NONE', #1119, #1804, #664, .T. ) ;
#2953 = CARTESIAN_POINT ( 'NONE',  ( 0.000000000000000000, 0.000000000000000000, 0.000000000000000000 ) ) ;
#2954 = ORIENTED_EDGE ( 'NONE', *, *, #1827, .F. ) ;
#2955 = ORIENTED_EDGE ( 'NONE', *, *, #2007, .F. ) ;
#2956 = EDGE_LOOP ( 'NONE', ( #1206, #106, #675, #1177 ) ) ;
#2957 = LINE ( 'NONE', #2500, #575 ) ;
#2958 = VERTEX_POINT ( 'NONE', #376 ) ;
#2959 = LINE ( 'NONE', #1809, #2879 ) ;
#2960 = DIRECTION ( 'NONE',  ( 0.000000000000000000, 0.000000000000000000, 1.000000000000000000 ) ) ;
#2961 = EDGE_CURVE ( 'NONE', #927, #2695, #2280, .T. ) ;
#2962 = CC_DESIGN_SECURITY_CLASSIFICATION ( #218, ( #313 ) ) ;
#2963 = CIRCLE ( 'NONE', #2521, 6.000000000000005329 ) ;
#2964 = DIRECTION ( 'NONE',  ( -0.000000000000000000, 0.000000000000000000, 1.000000000000000000 ) ) ;
#2965 = CARTESIAN_POINT ( 'NONE',  ( 0.6138420405932265567, 0.07629912698803309468, 21.00000000000000000 ) ) ;
#2966 = DIRECTION ( 'NONE',  ( -1.000000000000000000, 0.000000000000000000, 0.000000000000000000 ) ) ;
#2967 = APPLICATION_PROTOCOL_DEFINITION ( 'international standard', 'config_control_design', 1994, #2590 ) ;
#2968 = EDGE_LOOP ( 'NONE', ( #2194, #657, #1399, #689 ) ) ;
#2969 = AXIS2_PLACEMENT_3D ( 'NONE', #1028, #1993, #320 ) ;
#2970 = ORIENTED_EDGE ( 'NONE', *, *, #638, .T. ) ;
#2971 = ORIENTED_EDGE ( 'NONE', *, *, #1435, .F. ) ;
#2972 = CARTESIAN_POINT ( 'NONE',  ( 6.999999999999995559, 12.50000000000000000, 11.00000000000000000 ) ) ;
#2973 = CIRCLE ( 'NONE', #409, 4.000000000000000000 ) ;
#2974 = ORIENTED_EDGE ( 'NONE', *, *, #304, .F. ) ;
#2975 = DIRECTION ( 'NONE',  ( -0.000000000000000000, 0.000000000000000000, 1.000000000000000000 ) ) ;
#2976 = CIRCLE ( 'NONE', #1404, 6.000000000000015987 ) ;
#2977 = CARTESIAN_POINT ( 'NONE',  ( 75.00000000000000000, 0.07629912698803309468, 18.00000000000000000 ) ) ;
#2978 = CIRCLE ( 'NONE', #477, 2.000000000000000888 ) ;
#2979 = EDGE_CURVE ( 'NONE', #440, #2820, #2610, .T. ) ;
#2980 = FACE_OUTER_BOUND ( 'NONE', #302, .T. ) ;
#2981 = PLANE ( 'NONE',  #1357 ) ;
#2982 = DIRECTION ( 'NONE',  ( -0.000000000000000000, -0.000000000000000000, -1.000000000000000000 ) ) ;
#2983 = DIRECTION ( 'NONE',  ( 0.000000000000000000, 1.000000000000000000, 0.000000000000000000 ) ) ;
#2984 = ORIENTED_EDGE ( 'NONE', *, *, #2340, .F. ) ;
#2985 = AXIS2_PLACEMENT_3D ( 'NONE', #1018, #247, #1427 ) ;
#2986 = ORIENTED_EDGE ( 'NONE', *, *, #269, .T. ) ;
#2987 = ORIENTED_EDGE ( 'NONE', *, *, #2506, .F. ) ;
#2988 = ORIENTED_EDGE ( 'NONE', *, *, #1370, .F. ) ;
#2989 = DIRECTION ( 'NONE',  ( 0.000000000000000000, 0.000000000000000000, 1.000000000000000000 ) ) ;
#2990 = CARTESIAN_POINT ( 'NONE',  ( 191.5000000000000000, 380.0762991269879194, -0.000000000000000000 ) ) ;
#2991 = EDGE_CURVE ( 'NONE', #2631, #1715, #1001, .T. ) ;
#2992 = CARTESIAN_POINT ( 'NONE',  ( 5.000000000000007105, 360.0000000000000000, 12.00000000000000000 ) ) ;
#2993 = DIRECTION ( 'NONE',  ( -0.000000000000000000, 1.000000000000000000, -0.000000000000000000 ) ) ;
#2994 = FACE_OUTER_BOUND ( 'NONE', #54, .T. ) ;
#2995 = FACE_OUTER_BOUND ( 'NONE', #2501, .T. ) ;
#2996 = PERSON_AND_ORGANIZATION ( #2, #1439 ) ;
#2997 = EDGE_CURVE ( 'NONE', #1773, #2466, #510, .T. ) ;
#2998 = ORIENTED_EDGE ( 'NONE', *, *, #2264, .F. ) ;
#2999 = VERTEX_POINT ( 'NONE', #2019 ) ;
#3000 = ORIENTED_EDGE ( 'NONE', *, *, #947, .T. ) ;
#3001 = ORIENTED_EDGE ( 'NONE', *, *, #445, .T. ) ;
#3002 = CARTESIAN_POINT ( 'NONE',  ( 16.16879529190786258, 4.076299126988033095, 25.00000000000000000 ) ) ;
#3003 = CARTESIAN_POINT ( 'NONE',  ( -4.460717509654600497E-15, -35.92370087301227954, 8.999999999999912959 ) ) ;
#3004 = CARTESIAN_POINT ( 'NONE',  ( 71.50000000000000000, 380.0762991269879194, -0.000000000000000000 ) ) ;
#3005 = AXIS2_PLACEMENT_3D ( 'NONE', #1085, #2739, #1313 ) ;
#3006 = LINE ( 'NONE', #1126, #1608 ) ;
#3007 = CC_DESIGN_APPROVAL ( #2170, ( #313 ) ) ;
#3008 = CARTESIAN_POINT ( 'NONE',  ( 13.00000000000000000, 12.50000000000000000, 25.00000000000000000 ) ) ;
#3009 = APPROVAL_DATE_TIME ( #671, #2170 ) ;
#3010 = ORIENTED_EDGE ( 'NONE', *, *, #1060, .F. ) ;
#3011 = EDGE_CURVE ( 'NONE', #2323, #2065, #68, .T. ) ;
#3012 = ORIENTED_EDGE ( 'NONE', *, *, #2177, .T. ) ;
#3013 = VERTEX_POINT ( 'NONE', #161 ) ;
#3014 = DIRECTION ( 'NONE',  ( -0.000000000000000000, -0.000000000000000000, -1.000000000000000000 ) ) ;
#3015 = AXIS2_PLACEMENT_3D ( 'NONE', #1497, #2236, #1786 ) ;
#3016 = EDGE_CURVE ( 'NONE', #913, #2297, #1816, .T. ) ;
#3017 = CARTESIAN_POINT ( 'NONE',  ( 178.5000000000000000, 0.000000000000000000, 0.000000000000000000 ) ) ;
#3018 = DIRECTION ( 'NONE',  ( -0.000000000000000000, -0.000000000000000000, -1.000000000000000000 ) ) ;
#3019 = FACE_OUTER_BOUND ( 'NONE', #2740, .T. ) ;
#3020 = VECTOR ( 'NONE', #325, 1000.000000000000000 ) ;
#3021 = VECTOR ( 'NONE', #2700, 1000.000000000000000 ) ;
#3022 = DIRECTION ( 'NONE',  ( -1.000000000000000000, 0.000000000000000000, 0.000000000000000000 ) ) ;
#3023 = APPROVAL_ROLE ( '' ) ;
#3024 = ORIENTED_EDGE ( 'NONE', *, *, #2397, .F. ) ;
#3025 = EDGE_CURVE ( 'NONE', #1009, #1458, #1832, .T. ) ;
#3026 = ORIENTED_EDGE ( 'NONE', *, *, #2939, .T. ) ;
#3027 = AXIS2_PLACEMENT_3D ( 'NONE', #1590, #2522, #1354 ) ;
#3028 = EDGE_LOOP ( 'NONE', ( #2599, #2955 ) ) ;
#3029 = VERTEX_POINT ( 'NONE', #598 ) ;
#3030 = CARTESIAN_POINT ( 'NONE',  ( 243.5000000000000000, 225.0000000000000000, 12.00000000000000000 ) ) ;
#3031 = CARTESIAN_POINT ( 'NONE',  ( 0.6138420405932265567, 4.076299126988033095, 25.00000000000000000 ) ) ;
#3032 = EDGE_CURVE ( 'NONE', #765, #408, #1578, .T. ) ;
#3033 = DIRECTION ( 'NONE',  ( -0.000000000000000000, 1.000000000000000000, -0.000000000000000000 ) ) ;
#3034 = CIRCLE ( 'NONE', #1470, 1.500000000000029088 ) ;
#3035 = CARTESIAN_POINT ( 'NONE',  ( 13.00000000000001066, 12.50000000000000000, 11.00000000000000000 ) ) ;
ENDSEC;
END-ISO-10303-21;
